test_case,filter_size,method_name,total_time,cumulative_time,per_call_time
bloom,100,add,5.6100000000000005e-06,3.5213e-05,3.5213e-05
bloom,100,add,2.9850000000000002e-06,2.0595000000000002e-05,2.0595000000000002e-05
bloom,100,add,2.7260000000000002e-06,1.9763e-05,1.9763e-05
bloom,100,add,2.553e-06,1.8294e-05,1.8294e-05
bloom,100,add,2.668e-06,1.8290000000000003e-05,1.8290000000000003e-05
bloom,100,add,2.381e-06,1.7736e-05,1.7736e-05
bloom,100,add,2.459e-06,1.677e-05,1.677e-05
bloom,100,add,2.268e-06,1.7257e-05,1.7257e-05
bloom,100,add,2.554e-06,1.8367000000000002e-05,1.8367000000000002e-05
bloom,100,add,3.3070000000000003e-06,1.8266e-05,1.8266e-05
bloom,100,add,2.4900000000000003e-06,1.7522000000000003e-05,1.7522000000000003e-05
bloom,100,add,2.222e-06,1.6364e-05,1.6364e-05
bloom,100,add,2.359e-06,1.7339e-05,1.7339e-05
bloom,100,add,2.544e-06,1.7806000000000002e-05,1.7806000000000002e-05
bloom,100,add,2.4500000000000003e-06,1.6911e-05,1.6911e-05
bloom,100,add,2.384e-06,1.6738e-05,1.6738e-05
bloom,100,add,2.283e-06,1.6274e-05,1.6274e-05
bloom,100,add,2.21e-06,1.7215e-05,1.7215e-05
bloom,100,add,2.345e-06,1.8373000000000002e-05,1.8373000000000002e-05
bloom,100,add,2.1630000000000003e-06,1.6326000000000003e-05,1.6326000000000003e-05
bloom,100,add,2.336e-06,1.7364000000000002e-05,1.7364000000000002e-05
bloom,100,add,2.255e-06,1.7474000000000002e-05,1.7474000000000002e-05
bloom,100,add,2.034e-06,1.6252e-05,1.6252e-05
bloom,100,add,2.148e-06,1.6448000000000002e-05,1.6448000000000002e-05
bloom,100,add,2.466e-06,1.9604e-05,1.9604e-05
bloom,100,add,2.386e-06,1.6545e-05,1.6545e-05
bloom,100,add,2.3650000000000002e-06,1.6634e-05,1.6634e-05
bloom,100,add,2.296e-06,3.456e-05,3.456e-05
bloom,100,add,2.324e-06,1.6892e-05,1.6892e-05
bloom,100,add,2.8220000000000003e-06,1.8282000000000002e-05,1.8282000000000002e-05
bloom,100,add,3.1150000000000002e-06,1.8143000000000002e-05,1.8143000000000002e-05
bloom,100,add,2.2750000000000002e-06,1.6393e-05,1.6393e-05
bloom,100,add,2.37e-06,1.6929e-05,1.6929e-05
bloom,100,add,2.404e-06,1.6629e-05,1.6629e-05
bloom,100,add,2.2140000000000003e-06,1.6255e-05,1.6255e-05
bloom,100,add,2.3890000000000003e-06,1.7229e-05,1.7229e-05
bloom,100,add,2.347e-06,1.7041e-05,1.7041e-05
bloom,100,add,2.243e-06,1.6684e-05,1.6684e-05
bloom,100,add,2.7440000000000003e-06,1.7465e-05,1.7465e-05
bloom,100,add,3.209e-06,2.3144e-05,2.3144e-05
bloom,100,add,2.381e-06,1.7236000000000002e-05,1.7236000000000002e-05
bloom,100,add,2.221e-06,1.6689000000000002e-05,1.6689000000000002e-05
bloom,100,add,2.3030000000000002e-06,1.6865000000000002e-05,1.6865000000000002e-05
bloom,100,add,2.655e-06,1.7781e-05,1.7781e-05
bloom,100,add,2.2410000000000002e-06,1.6122000000000003e-05,1.6122000000000003e-05
bloom,100,add,2.2590000000000003e-06,1.6672000000000002e-05,1.6672000000000002e-05
bloom,100,add,2.2410000000000002e-06,1.7042e-05,1.7042e-05
bloom,100,add,2.51e-06,1.6812e-05,1.6812e-05
bloom,100,add,2.201e-06,1.641e-05,1.641e-05
bloom,100,add,2.2470000000000003e-06,1.6542000000000002e-05,1.6542000000000002e-05
bloom,100,add,2.261e-06,1.6720000000000003e-05,1.6720000000000003e-05
bloom,100,add,2.2920000000000002e-06,1.6969e-05,1.6969e-05
bloom,100,add,2.4720000000000002e-06,1.683e-05,1.683e-05
bloom,100,add,2.3440000000000003e-06,1.6626e-05,1.6626e-05
bloom,100,add,2.483e-06,1.6463e-05,1.6463e-05
bloom,100,add,2.5580000000000003e-06,1.7243e-05,1.7243e-05
bloom,100,add,2.487e-06,1.6863e-05,1.6863e-05
bloom,100,add,2.215e-06,1.6449e-05,1.6449e-05
bloom,100,add,2.274e-06,1.6155e-05,1.6155e-05
bloom,100,add,2.359e-06,1.6893000000000002e-05,1.6893000000000002e-05
bloom,100,add,2.46e-06,1.6857e-05,1.6857e-05
bloom,100,add,2.353e-06,1.6244000000000002e-05,1.6244000000000002e-05
bloom,100,add,2.252e-06,1.5815e-05,1.5815e-05
bloom,100,add,2.147e-06,1.6154e-05,1.6154e-05
bloom,100,add,2.33e-06,1.6641000000000002e-05,1.6641000000000002e-05
bloom,100,add,2.171e-06,1.5807e-05,1.5807e-05
bloom,100,add,2.243e-06,1.5926e-05,1.5926e-05
bloom,100,add,2.195e-06,1.6101e-05,1.6101e-05
bloom,100,add,2.2190000000000003e-06,1.5958000000000002e-05,1.5958000000000002e-05
bloom,100,add,2.2860000000000002e-06,1.6176000000000002e-05,1.6176000000000002e-05
bloom,100,add,2.494e-06,1.6359e-05,1.6359e-05
bloom,100,add,2.5810000000000004e-06,1.6833e-05,1.6833e-05
bloom,100,add,2.351e-06,1.6590000000000002e-05,1.6590000000000002e-05
bloom,100,add,2.323e-06,1.6556000000000002e-05,1.6556000000000002e-05
bloom,100,add,2.295e-06,1.6498e-05,1.6498e-05
bloom,100,add,2.068e-06,1.5906e-05,1.5906e-05
bloom,100,add,2.3430000000000003e-06,1.7113e-05,1.7113e-05
bloom,100,add,2.278e-06,1.66e-05,1.66e-05
bloom,100,add,2.3260000000000003e-06,1.6545e-05,1.6545e-05
bloom,100,add,2.532e-06,1.6339e-05,1.6339e-05
bloom,100,add,2.2920000000000002e-06,1.6138e-05,1.6138e-05
bloom,100,add,2.464e-06,1.6905e-05,1.6905e-05
bloom,100,add,2.307e-06,1.7527e-05,1.7527e-05
bloom,100,add,2.418e-06,1.6954e-05,1.6954e-05
bloom,100,add,2.358e-06,1.6323e-05,1.6323e-05
bloom,100,add,2.3480000000000002e-06,1.6577e-05,1.6577e-05
bloom,100,add,2.277e-06,1.6441e-05,1.6441e-05
bloom,100,add,2.481e-06,1.6225e-05,1.6225e-05
bloom,100,add,2.35e-06,1.664e-05,1.664e-05
bloom,100,add,2.094e-06,1.671e-05,1.671e-05
bloom,100,add,2.3480000000000002e-06,1.6879000000000002e-05,1.6879000000000002e-05
bloom,100,add,2.2310000000000003e-06,1.5863e-05,1.5863e-05
bloom,100,add,2.566e-06,1.7028e-05,1.7028e-05
bloom,100,add,2.205e-06,1.6576000000000002e-05,1.6576000000000002e-05
bloom,100,add,2.545e-06,1.7344000000000002e-05,1.7344000000000002e-05
bloom,100,add,2.373e-06,1.6573000000000002e-05,1.6573000000000002e-05
bloom,100,add,2.3550000000000003e-06,1.6992000000000003e-05,1.6992000000000003e-05
bloom,100,add,2.2920000000000002e-06,1.6764e-05,1.6764e-05
bloom,100,add,2.288e-06,1.6451000000000002e-05,1.6451000000000002e-05
bloom,100,add,2.454e-06,1.66e-05,1.66e-05
bloom,100,contains,1.667e-06,1.2959e-05,1.2959e-05
bloom,100,contains,1.3860000000000002e-06,5.996000000000001e-06,5.996000000000001e-06
bloom,100,contains,1.2030000000000002e-06,1.2708000000000001e-05,1.2708000000000001e-05
bloom,100,contains,9.85e-07,1.0181000000000001e-05,1.0181000000000001e-05
bloom,100,contains,8.340000000000001e-07,4.7880000000000006e-06,4.7880000000000006e-06
bloom,100,contains,8.920000000000001e-07,7.381e-06,7.381e-06
bloom,100,contains,7.73e-07,7.182000000000001e-06,7.182000000000001e-06
bloom,100,contains,7.620000000000001e-07,7.2220000000000005e-06,7.2220000000000005e-06
bloom,100,contains,7.63e-07,4.773000000000001e-06,4.773000000000001e-06
bloom,100,contains,8.18e-07,9.329e-06,9.329e-06
bloom,100,contains,7.94e-07,9.483e-06,9.483e-06
bloom,100,contains,7.56e-07,4.948e-06,4.948e-06
bloom,100,contains,7.480000000000001e-07,4.577e-06,4.577e-06
bloom,100,contains,7.71e-07,7.111e-06,7.111e-06
bloom,100,contains,7.410000000000001e-07,4.743e-06,4.743e-06
bloom,100,contains,8.57e-07,7.670000000000001e-06,7.670000000000001e-06
bloom,100,contains,7.590000000000001e-07,4.672e-06,4.672e-06
bloom,100,contains,7.46e-07,7.095000000000001e-06,7.095000000000001e-06
bloom,100,contains,7.46e-07,7.033e-06,7.033e-06
bloom,100,contains,4.5550000000000004e-06,1.0626000000000001e-05,1.0626000000000001e-05
bloom,100,contains,7.88e-07,4.544e-06,4.544e-06
bloom,100,contains,7.43e-07,4.492e-06,4.492e-06
bloom,100,contains,8.67e-07,1.3959000000000001e-05,1.3959000000000001e-05
bloom,100,contains,8.12e-07,1.3959000000000001e-05,1.3959000000000001e-05
bloom,100,contains,8.890000000000001e-07,4.777e-06,4.777e-06
bloom,100,contains,7.98e-07,4.9560000000000005e-06,4.9560000000000005e-06
bloom,100,contains,7.990000000000001e-07,1.2029000000000001e-05,1.2029000000000001e-05
bloom,100,contains,7.240000000000001e-07,7.511000000000001e-06,7.511000000000001e-06
bloom,100,contains,7.760000000000001e-07,4.52e-06,4.52e-06
bloom,100,contains,8.25e-07,9.464000000000001e-06,9.464000000000001e-06
bloom,100,contains,7.040000000000001e-07,4.554e-06,4.554e-06
bloom,100,contains,6.970000000000001e-07,4.615000000000001e-06,4.615000000000001e-06
bloom,100,contains,7.620000000000001e-07,6.9180000000000005e-06,6.9180000000000005e-06
bloom,100,contains,8.26e-07,4.791e-06,4.791e-06
bloom,100,contains,7.3e-07,6.921e-06,6.921e-06
bloom,100,contains,8.410000000000001e-07,4.935e-06,4.935e-06
bloom,100,contains,7.56e-07,7.373e-06,7.373e-06
bloom,100,contains,7.64e-07,1.4596e-05,1.4596e-05
bloom,100,contains,8.22e-07,1.2034e-05,1.2034e-05
bloom,100,contains,8.060000000000001e-07,5.101e-06,5.101e-06
bloom,100,contains,7.550000000000001e-07,4.848e-06,4.848e-06
bloom,100,contains,8.63e-07,7.1150000000000005e-06,7.1150000000000005e-06
bloom,100,contains,6.84e-07,7.3510000000000004e-06,7.3510000000000004e-06
bloom,100,contains,7.09e-07,9.478000000000001e-06,9.478000000000001e-06
bloom,100,contains,7.81e-07,5.016e-06,5.016e-06
bloom,100,contains,8.210000000000001e-07,4.741e-06,4.741e-06
bloom,100,contains,8.73e-07,4.946000000000001e-06,4.946000000000001e-06
bloom,100,contains,8.230000000000001e-07,7.2850000000000006e-06,7.2850000000000006e-06
bloom,100,contains,7.67e-07,4.722000000000001e-06,4.722000000000001e-06
bloom,100,contains,7.550000000000001e-07,6.939000000000001e-06,6.939000000000001e-06
bloom,100,contains,7.590000000000001e-07,5.0680000000000004e-06,5.0680000000000004e-06
bloom,100,contains,7.12e-07,4.305e-06,4.305e-06
bloom,100,contains,8.39e-07,7.215e-06,7.215e-06
bloom,100,contains,8.18e-07,7.241000000000001e-06,7.241000000000001e-06
bloom,100,contains,6.6e-07,4.466e-06,4.466e-06
bloom,100,contains,7.820000000000001e-07,7.173000000000001e-06,7.173000000000001e-06
bloom,100,contains,7.54e-07,9.208e-06,9.208e-06
bloom,100,contains,7.73e-07,7.145e-06,7.145e-06
bloom,100,contains,7.5e-07,6.784000000000001e-06,6.784000000000001e-06
bloom,100,contains,7.22e-07,1.9544e-05,1.9544e-05
bloom,100,contains,8.32e-07,1.1738e-05,1.1738e-05
bloom,100,contains,8.170000000000001e-07,7.141000000000001e-06,7.141000000000001e-06
bloom,100,contains,7.820000000000001e-07,1.2319e-05,1.2319e-05
bloom,100,contains,7.760000000000001e-07,9.429e-06,9.429e-06
bloom,100,contains,7.77e-07,1.1851e-05,1.1851e-05
bloom,100,contains,7.87e-07,1.6225e-05,1.6225e-05
bloom,100,contains,8.32e-07,4.7420000000000005e-06,4.7420000000000005e-06
bloom,100,contains,8.18e-07,7.463e-06,7.463e-06
bloom,100,contains,7.6e-07,9.834000000000001e-06,9.834000000000001e-06
bloom,100,contains,7.380000000000001e-07,1.1104e-05,1.1104e-05
bloom,100,contains,8.12e-07,4.676000000000001e-06,4.676000000000001e-06
bloom,100,contains,8.540000000000001e-07,4.796e-06,4.796e-06
bloom,100,contains,7.720000000000001e-07,4.761000000000001e-06,4.761000000000001e-06
bloom,100,contains,7.77e-07,4.801e-06,4.801e-06
bloom,100,contains,8.230000000000001e-07,4.765e-06,4.765e-06
bloom,100,contains,8.130000000000001e-07,4.576e-06,4.576e-06
bloom,100,contains,8.580000000000001e-07,5.052e-06,5.052e-06
bloom,100,contains,8.830000000000001e-07,4.981e-06,4.981e-06
bloom,100,contains,7.84e-07,9.545000000000001e-06,9.545000000000001e-06
bloom,100,contains,9.7e-07,9.642e-06,9.642e-06
bloom,100,contains,8.070000000000001e-07,4.689e-06,4.689e-06
bloom,100,contains,8.340000000000001e-07,4.534e-06,4.534e-06
bloom,100,contains,8.6e-07,4.718e-06,4.718e-06
bloom,100,contains,7.56e-07,9.509e-06,9.509e-06
bloom,100,contains,7.860000000000001e-07,4.483e-06,4.483e-06
bloom,100,contains,7.960000000000001e-07,7.168000000000001e-06,7.168000000000001e-06
bloom,100,contains,8.81e-07,5.338e-06,5.338e-06
bloom,100,contains,8.890000000000001e-07,1.235e-05,1.235e-05
bloom,100,contains,2.1947000000000002e-05,3.4767e-05,3.4767e-05
bloom,100,contains,9.05e-07,5.197e-06,5.197e-06
bloom,100,contains,8.18e-07,9.578e-06,9.578e-06
bloom,100,contains,9.64e-07,7.221000000000001e-06,7.221000000000001e-06
bloom,100,contains,8.8e-07,7.2170000000000005e-06,7.2170000000000005e-06
bloom,100,contains,7.74e-07,6.856e-06,6.856e-06
bloom,100,contains,7.830000000000001e-07,1.3923e-05,1.3923e-05
bloom,100,contains,8.380000000000001e-07,5.358e-06,5.358e-06
bloom,100,contains,8.74e-07,7.831e-06,7.831e-06
bloom,100,contains,7.84e-07,4.507e-06,4.507e-06
bloom,100,contains,8.26e-07,5.4860000000000005e-06,5.4860000000000005e-06
bloom,100,contains,8.650000000000001e-07,6.401e-06,6.401e-06
bloom,500,add,2.886e-06,2.0251e-05,2.0251e-05
bloom,500,add,2.666e-06,1.8589e-05,1.8589e-05
bloom,500,add,2.3890000000000003e-06,1.7083000000000002e-05,1.7083000000000002e-05
bloom,500,add,2.33e-06,1.6912e-05,1.6912e-05
bloom,500,add,2.6370000000000003e-06,1.9450000000000002e-05,1.9450000000000002e-05
bloom,500,add,2.578e-06,1.8591000000000002e-05,1.8591000000000002e-05
bloom,500,add,2.83e-06,2.2709000000000002e-05,2.2709000000000002e-05
bloom,500,add,3.362e-06,3.286e-05,3.286e-05
bloom,500,add,3.1890000000000003e-06,2.4627e-05,2.4627e-05
bloom,500,add,3.36e-06,2.1992000000000002e-05,2.1992000000000002e-05
bloom,500,add,2.972e-06,2.4465e-05,2.4465e-05
bloom,500,add,3.248e-06,2.324e-05,2.324e-05
bloom,500,add,3.1600000000000002e-06,2.2243e-05,2.2243e-05
bloom,500,add,2.4790000000000003e-06,1.9920000000000002e-05,1.9920000000000002e-05
bloom,500,add,2.883e-06,2.0541000000000002e-05,2.0541000000000002e-05
bloom,500,add,3.3800000000000002e-06,4.672e-05,4.672e-05
bloom,500,add,2.486e-06,1.9189000000000002e-05,1.9189000000000002e-05
bloom,500,add,2.498e-06,1.8032e-05,1.8032e-05
bloom,500,add,2.4840000000000003e-06,1.8058000000000002e-05,1.8058000000000002e-05
bloom,500,add,2.746e-06,1.8745e-05,1.8745e-05
bloom,500,add,2.898e-06,3.1665e-05,3.1665e-05
bloom,500,add,2.7380000000000003e-06,2.0185e-05,2.0185e-05
bloom,500,add,3.0640000000000002e-06,2.2346000000000003e-05,2.2346000000000003e-05
bloom,500,add,2.379e-06,1.8867e-05,1.8867e-05
bloom,500,add,2.285e-06,1.6784e-05,1.6784e-05
bloom,500,add,2.4000000000000003e-06,1.8404000000000002e-05,1.8404000000000002e-05
bloom,500,add,2.618e-06,1.9532000000000002e-05,1.9532000000000002e-05
bloom,500,add,3.0190000000000002e-06,2.1036e-05,2.1036e-05
bloom,500,add,3.1260000000000002e-06,2.08e-05,2.08e-05
bloom,500,add,2.973e-06,2.1944000000000002e-05,2.1944000000000002e-05
bloom,500,add,2.83e-06,2.3057000000000003e-05,2.3057000000000003e-05
bloom,500,add,2.268e-06,1.8261e-05,1.8261e-05
bloom,500,add,1.4947000000000001e-05,3.1438e-05,3.1438e-05
bloom,500,add,3.0810000000000002e-06,2.0692e-05,2.0692e-05
bloom,500,add,2.16e-06,1.6503e-05,1.6503e-05
bloom,500,add,3.091e-06,2.0511e-05,2.0511e-05
bloom,500,add,2.6140000000000003e-06,1.9746e-05,1.9746e-05
bloom,500,add,3.1100000000000003e-06,2.1539e-05,2.1539e-05
bloom,500,add,2.8340000000000003e-06,2.0236e-05,2.0236e-05
bloom,500,add,3.08e-06,2.4284e-05,2.4284e-05
bloom,500,add,3.209e-06,2.2486e-05,2.2486e-05
bloom,500,add,3.4260000000000003e-06,2.2227000000000003e-05,2.2227000000000003e-05
bloom,500,add,2.7820000000000002e-06,1.9536e-05,1.9536e-05
bloom,500,add,3.0760000000000003e-06,2.2145000000000002e-05,2.2145000000000002e-05
bloom,500,add,3.373e-06,3.147e-05,3.147e-05
bloom,500,add,2.9140000000000004e-06,1.9777e-05,1.9777e-05
bloom,500,add,2.544e-06,2.3478e-05,2.3478e-05
bloom,500,add,2.605e-06,2.3307000000000002e-05,2.3307000000000002e-05
bloom,500,add,2.487e-06,1.7283e-05,1.7283e-05
bloom,500,add,2.577e-06,1.6553000000000002e-05,1.6553000000000002e-05
bloom,500,add,2.3660000000000003e-06,1.6765e-05,1.6765e-05
bloom,500,add,2.33e-06,1.6279e-05,1.6279e-05
bloom,500,add,2.3430000000000003e-06,1.6624000000000002e-05,1.6624000000000002e-05
bloom,500,add,2.277e-06,1.6579000000000002e-05,1.6579000000000002e-05
bloom,500,add,2.561e-06,1.7343e-05,1.7343e-05
bloom,500,add,2.194e-06,1.6113e-05,1.6113e-05
bloom,500,add,2.3040000000000003e-06,1.6657e-05,1.6657e-05
bloom,500,add,2.346e-06,1.6386000000000002e-05,1.6386000000000002e-05
bloom,500,add,2.5510000000000002e-06,1.6692000000000002e-05,1.6692000000000002e-05
bloom,500,add,3.095e-06,2.0415e-05,2.0415e-05
bloom,500,add,2.511e-06,1.8211000000000002e-05,1.8211000000000002e-05
bloom,500,add,2.8670000000000002e-06,1.9556e-05,1.9556e-05
bloom,500,add,2.391e-06,1.9791e-05,1.9791e-05
bloom,500,add,2.3610000000000003e-06,1.6803e-05,1.6803e-05
bloom,500,add,2.3310000000000002e-06,1.6828000000000002e-05,1.6828000000000002e-05
bloom,500,add,2.3600000000000003e-06,1.6669000000000003e-05,1.6669000000000003e-05
bloom,500,add,2.159e-06,1.7007e-05,1.7007e-05
bloom,500,add,2.46e-06,1.7389000000000002e-05,1.7389000000000002e-05
bloom,500,add,2.463e-06,1.6494e-05,1.6494e-05
bloom,500,add,2.099e-06,1.6788000000000003e-05,1.6788000000000003e-05
bloom,500,add,2.3040000000000003e-06,1.8846000000000002e-05,1.8846000000000002e-05
bloom,500,add,2.582e-06,1.7489e-05,1.7489e-05
bloom,500,add,2.2080000000000003e-06,1.6223e-05,1.6223e-05
bloom,500,add,2.5070000000000003e-06,1.7985e-05,1.7985e-05
bloom,500,add,2.3660000000000003e-06,1.7542000000000002e-05,1.7542000000000002e-05
bloom,500,add,3.4310000000000003e-06,2.1546e-05,2.1546e-05
bloom,500,add,2.65e-06,2.2611e-05,2.2611e-05
bloom,500,add,2.3820000000000002e-06,1.7126000000000002e-05,1.7126000000000002e-05
bloom,500,add,2.2e-06,1.6827e-05,1.6827e-05
bloom,500,add,2.375e-06,1.6942e-05,1.6942e-05
bloom,500,add,2.447e-06,1.6837e-05,1.6837e-05
bloom,500,add,2.176e-06,1.6802e-05,1.6802e-05
bloom,500,add,2.6190000000000003e-06,1.7544e-05,1.7544e-05
bloom,500,add,2.492e-06,1.6864e-05,1.6864e-05
bloom,500,add,2.446e-06,1.732e-05,1.732e-05
bloom,500,add,2.475e-06,1.6934e-05,1.6934e-05
bloom,500,add,2.498e-06,1.6686000000000003e-05,1.6686000000000003e-05
bloom,500,add,2.5810000000000004e-06,1.7337e-05,1.7337e-05
bloom,500,add,2.308e-06,1.6605e-05,1.6605e-05
bloom,500,add,2.443e-06,1.6517e-05,1.6517e-05
bloom,500,add,2.5910000000000003e-06,1.8058000000000002e-05,1.8058000000000002e-05
bloom,500,add,3.176e-06,2.1987e-05,2.1987e-05
bloom,500,add,2.52e-06,1.7060000000000003e-05,1.7060000000000003e-05
bloom,500,add,2.3830000000000003e-06,1.7166e-05,1.7166e-05
bloom,500,add,2.2310000000000003e-06,1.6196000000000002e-05,1.6196000000000002e-05
bloom,500,add,2.385e-06,1.6868000000000002e-05,1.6868000000000002e-05
bloom,500,add,2.2750000000000002e-06,1.6638000000000002e-05,1.6638000000000002e-05
bloom,500,add,2.3720000000000003e-06,1.6545e-05,1.6545e-05
bloom,500,add,2.19e-06,1.6471000000000002e-05,1.6471000000000002e-05
bloom,500,add,2.295e-06,1.6787e-05,1.6787e-05
bloom,500,contains,1.4450000000000001e-06,1.722e-05,1.722e-05
bloom,500,contains,1.147e-06,5.3e-06,5.3e-06
bloom,500,contains,9.770000000000001e-07,5.21e-06,5.21e-06
bloom,500,contains,9.400000000000001e-07,5.207e-06,5.207e-06
bloom,500,contains,9.400000000000001e-07,5.432000000000001e-06,5.432000000000001e-06
bloom,500,contains,9.22e-07,5.5810000000000004e-06,5.5810000000000004e-06
bloom,500,contains,8.480000000000001e-07,5.2500000000000006e-06,5.2500000000000006e-06
bloom,500,contains,1.0790000000000002e-06,6.503e-06,6.503e-06
bloom,500,contains,8.380000000000001e-07,5e-06,5e-06
bloom,500,contains,9.01e-07,5.497e-06,5.497e-06
bloom,500,contains,7.960000000000001e-07,4.896e-06,4.896e-06
bloom,500,contains,7.57e-07,7.267e-06,7.267e-06
bloom,500,contains,8.650000000000001e-07,4.816e-06,4.816e-06
bloom,500,contains,8.16e-07,4.607e-06,4.607e-06
bloom,500,contains,8.960000000000001e-07,5.167000000000001e-06,5.167000000000001e-06
bloom,500,contains,8.36e-07,4.965e-06,4.965e-06
bloom,500,contains,8.240000000000001e-07,4.735e-06,4.735e-06
bloom,500,contains,8.590000000000001e-07,7.742e-06,7.742e-06
bloom,500,contains,8.170000000000001e-07,4.95e-06,4.95e-06
bloom,500,contains,7.26e-07,4.612e-06,4.612e-06
bloom,500,contains,7.380000000000001e-07,4.658e-06,4.658e-06
bloom,500,contains,7.5e-07,4.658e-06,4.658e-06
bloom,500,contains,8.200000000000001e-07,5.352000000000001e-06,5.352000000000001e-06
bloom,500,contains,8.610000000000001e-07,5.2990000000000004e-06,5.2990000000000004e-06
bloom,500,contains,8.32e-07,8.917000000000001e-06,8.917000000000001e-06
bloom,500,contains,7.05e-07,7.228e-06,7.228e-06
bloom,500,contains,7.620000000000001e-07,4.75e-06,4.75e-06
bloom,500,contains,7.580000000000001e-07,4.936000000000001e-06,4.936000000000001e-06
bloom,500,contains,7.5e-07,4.856000000000001e-06,4.856000000000001e-06
bloom,500,contains,7.7e-07,4.5620000000000005e-06,4.5620000000000005e-06
bloom,500,contains,7.890000000000001e-07,4.972e-06,4.972e-06
bloom,500,contains,7.860000000000001e-07,4.823e-06,4.823e-06
bloom,500,contains,8.230000000000001e-07,7.648e-06,7.648e-06
bloom,500,contains,7.280000000000001e-07,4.554e-06,4.554e-06
bloom,500,contains,7.77e-07,4.969e-06,4.969e-06
bloom,500,contains,8.370000000000001e-07,4.695e-06,4.695e-06
bloom,500,contains,7.580000000000001e-07,4.766000000000001e-06,4.766000000000001e-06
bloom,500,contains,8.580000000000001e-07,4.799e-06,4.799e-06
bloom,500,contains,6.800000000000001e-07,4.475e-06,4.475e-06
bloom,500,contains,6.860000000000001e-07,4.605e-06,4.605e-06
bloom,500,contains,7.73e-07,5.458e-06,5.458e-06
bloom,500,contains,8.480000000000001e-07,5.329e-06,5.329e-06
bloom,500,contains,9.78e-07,9.283e-06,9.283e-06
bloom,500,contains,7.5e-07,4.738e-06,4.738e-06
bloom,500,contains,7.02e-07,4.625000000000001e-06,4.625000000000001e-06
bloom,500,contains,7.590000000000001e-07,7.423000000000001e-06,7.423000000000001e-06
bloom,500,contains,8.32e-07,4.782e-06,4.782e-06
bloom,500,contains,7.820000000000001e-07,4.5160000000000005e-06,4.5160000000000005e-06
bloom,500,contains,7.81e-07,4.952e-06,4.952e-06
bloom,500,contains,7.92e-07,4.8370000000000004e-06,4.8370000000000004e-06
bloom,500,contains,7.57e-07,4.795000000000001e-06,4.795000000000001e-06
bloom,500,contains,7.280000000000001e-07,4.688000000000001e-06,4.688000000000001e-06
bloom,500,contains,8.05e-07,4.9560000000000005e-06,4.9560000000000005e-06
bloom,500,contains,8.820000000000001e-07,9.773000000000001e-06,9.773000000000001e-06
bloom,500,contains,8.060000000000001e-07,4.93e-06,4.93e-06
bloom,500,contains,8.16e-07,7.335e-06,7.335e-06
bloom,500,contains,7.49e-07,4.845e-06,4.845e-06
bloom,500,contains,7.6e-07,4.648e-06,4.648e-06
bloom,500,contains,8.620000000000001e-07,5.387e-06,5.387e-06
bloom,500,contains,1.02e-06,6.013000000000001e-06,6.013000000000001e-06
bloom,500,contains,8.200000000000001e-07,4.85e-06,4.85e-06
bloom,500,contains,8.140000000000001e-07,7.425e-06,7.425e-06
bloom,500,contains,8.240000000000001e-07,4.8830000000000005e-06,4.8830000000000005e-06
bloom,500,contains,7.520000000000001e-07,4.773000000000001e-06,4.773000000000001e-06
bloom,500,contains,7.25e-07,5.017e-06,5.017e-06
bloom,500,contains,7.87e-07,4.9440000000000004e-06,4.9440000000000004e-06
bloom,500,contains,7.23e-07,4.659000000000001e-06,4.659000000000001e-06
bloom,500,contains,8.100000000000001e-07,5.017e-06,5.017e-06
bloom,500,contains,7.92e-07,7.454e-06,7.454e-06
bloom,500,contains,8.42e-07,7.637e-06,7.637e-06
bloom,500,contains,7.61e-07,4.485e-06,4.485e-06
bloom,500,contains,7.420000000000001e-07,4.806e-06,4.806e-06
bloom,500,contains,7.05e-07,4.868000000000001e-06,4.868000000000001e-06
bloom,500,contains,7.56e-07,4.845e-06,4.845e-06
bloom,500,contains,7.84e-07,4.9610000000000004e-06,4.9610000000000004e-06
bloom,500,contains,8.63e-07,5.387e-06,5.387e-06
bloom,500,contains,8.300000000000001e-07,5.282e-06,5.282e-06
bloom,500,contains,9.59e-07,5.4e-06,5.4e-06
bloom,500,contains,7.510000000000001e-07,4.661e-06,4.661e-06
bloom,500,contains,7.830000000000001e-07,4.774e-06,4.774e-06
bloom,500,contains,8.04e-07,4.602e-06,4.602e-06
bloom,500,contains,8.000000000000001e-07,4.845e-06,4.845e-06
bloom,500,contains,6.85e-07,4.6570000000000005e-06,4.6570000000000005e-06
bloom,500,contains,7.64e-07,7.191e-06,7.191e-06
bloom,500,contains,6.63e-07,4.4550000000000005e-06,4.4550000000000005e-06
bloom,500,contains,8.030000000000001e-07,5.1700000000000005e-06,5.1700000000000005e-06
bloom,500,contains,7.56e-07,4.698000000000001e-06,4.698000000000001e-06
bloom,500,contains,7.990000000000001e-07,4.724e-06,4.724e-06
bloom,500,contains,6.91e-07,4.573e-06,4.573e-06
bloom,500,contains,7.43e-07,4.417e-06,4.417e-06
bloom,500,contains,8.520000000000001e-07,4.705000000000001e-06,4.705000000000001e-06
bloom,500,contains,8.22e-07,7.242e-06,7.242e-06
bloom,500,contains,8.39e-07,4.707e-06,4.707e-06
bloom,500,contains,8.04e-07,8.256e-06,8.256e-06
bloom,500,contains,8.370000000000001e-07,5.363e-06,5.363e-06
bloom,500,contains,1.126e-06,6.114e-06,6.114e-06
bloom,500,contains,7.960000000000001e-07,5.2040000000000005e-06,5.2040000000000005e-06
bloom,500,contains,7.750000000000001e-07,7.321000000000001e-06,7.321000000000001e-06
bloom,500,contains,6.91e-07,4.979e-06,4.979e-06
bloom,500,contains,7.16e-07,4.8490000000000005e-06,4.8490000000000005e-06
bloom,1000,add,2.859e-06,1.8921e-05,1.8921e-05
bloom,1000,add,2.6530000000000003e-06,1.8169000000000002e-05,1.8169000000000002e-05
bloom,1000,add,2.2590000000000003e-06,1.6714e-05,1.6714e-05
bloom,1000,add,3.4760000000000003e-06,4.7824e-05,4.7824e-05
bloom,1000,add,2.774e-06,1.9045e-05,1.9045e-05
bloom,1000,add,3.051e-06,2.2955000000000003e-05,2.2955000000000003e-05
bloom,1000,add,2.319e-06,1.6787e-05,1.6787e-05
bloom,1000,add,2.458e-06,1.7171000000000002e-05,1.7171000000000002e-05
bloom,1000,add,2.305e-06,1.6249e-05,1.6249e-05
bloom,1000,add,2.216e-06,1.6482000000000002e-05,1.6482000000000002e-05
bloom,1000,add,2.289e-06,1.7001000000000002e-05,1.7001000000000002e-05
bloom,1000,add,2.305e-06,1.6539000000000002e-05,1.6539000000000002e-05
bloom,1000,add,2.375e-06,1.6508000000000002e-05,1.6508000000000002e-05
bloom,1000,add,2.3200000000000002e-06,1.6439e-05,1.6439e-05
bloom,1000,add,2.611e-06,1.7604e-05,1.7604e-05
bloom,1000,add,2.2690000000000002e-06,1.6627000000000002e-05,1.6627000000000002e-05
bloom,1000,add,2.474e-06,1.7411e-05,1.7411e-05
bloom,1000,add,2.443e-06,1.6938e-05,1.6938e-05
bloom,1000,add,2.387e-06,1.9882e-05,1.9882e-05
bloom,1000,add,2.773e-06,1.9023e-05,1.9023e-05
bloom,1000,add,2.804e-06,1.9887e-05,1.9887e-05
bloom,1000,add,2.131e-06,1.5841e-05,1.5841e-05
bloom,1000,add,2.46e-06,1.6323e-05,1.6323e-05
bloom,1000,add,2.3940000000000003e-06,1.6412e-05,1.6412e-05
bloom,1000,add,2.175e-06,1.6271e-05,1.6271e-05
bloom,1000,add,2.3490000000000003e-06,1.666e-05,1.666e-05
bloom,1000,add,2.161e-06,1.6547000000000003e-05,1.6547000000000003e-05
bloom,1000,add,2.47e-06,1.6635000000000003e-05,1.6635000000000003e-05
bloom,1000,add,2.229e-06,1.5971e-05,1.5971e-05
bloom,1000,add,2.345e-06,1.6394000000000003e-05,1.6394000000000003e-05
bloom,1000,add,2.3430000000000003e-06,1.6257e-05,1.6257e-05
bloom,1000,add,2.4160000000000002e-06,1.6437000000000002e-05,1.6437000000000002e-05
bloom,1000,add,2.278e-06,1.6291e-05,1.6291e-05
bloom,1000,add,2.392e-06,1.9977000000000002e-05,1.9977000000000002e-05
bloom,1000,add,2.3880000000000003e-06,1.7461e-05,1.7461e-05
bloom,1000,add,2.537e-06,1.8836e-05,1.8836e-05
bloom,1000,add,2.08e-06,1.6984000000000002e-05,1.6984000000000002e-05
bloom,1000,add,2.436e-06,1.6915e-05,1.6915e-05
bloom,1000,add,2.175e-06,1.6845000000000002e-05,1.6845000000000002e-05
bloom,1000,add,2.082e-06,1.6375e-05,1.6375e-05
bloom,1000,add,2.228e-06,1.6596000000000002e-05,1.6596000000000002e-05
bloom,1000,add,2.283e-06,1.6419e-05,1.6419e-05
bloom,1000,add,2.057e-06,1.5861e-05,1.5861e-05
bloom,1000,add,2.142e-06,1.6308e-05,1.6308e-05
bloom,1000,add,2.161e-06,1.6342e-05,1.6342e-05
bloom,1000,add,2.198e-06,1.6301000000000002e-05,1.6301000000000002e-05
bloom,1000,add,2.1910000000000003e-06,1.6426e-05,1.6426e-05
bloom,1000,add,2.432e-06,1.6941000000000003e-05,1.6941000000000003e-05
bloom,1000,add,2.438e-06,1.6637e-05,1.6637e-05
bloom,1000,add,2.2650000000000003e-06,1.8038000000000002e-05,1.8038000000000002e-05
bloom,1000,add,2.696e-06,1.8559e-05,1.8559e-05
bloom,1000,add,2.679e-06,2.1720000000000002e-05,2.1720000000000002e-05
bloom,1000,add,2.102e-06,1.6535e-05,1.6535e-05
bloom,1000,add,2.143e-06,1.5939e-05,1.5939e-05
bloom,1000,add,2.278e-06,1.6492e-05,1.6492e-05
bloom,1000,add,2.1170000000000002e-06,1.6577e-05,1.6577e-05
bloom,1000,add,2.296e-06,1.6538e-05,1.6538e-05
bloom,1000,add,2.149e-06,1.6992000000000003e-05,1.6992000000000003e-05
bloom,1000,add,2.229e-06,1.6726000000000002e-05,1.6726000000000002e-05
bloom,1000,add,2.306e-06,1.6311e-05,1.6311e-05
bloom,1000,add,2.316e-06,1.6309000000000003e-05,1.6309000000000003e-05
bloom,1000,add,2.2640000000000003e-06,1.7046000000000002e-05,1.7046000000000002e-05
bloom,1000,add,2.308e-06,1.6275000000000003e-05,1.6275000000000003e-05
bloom,1000,add,2.3440000000000003e-06,1.6603e-05,1.6603e-05
bloom,1000,add,2.447e-06,1.8306e-05,1.8306e-05
bloom,1000,add,2.634e-06,1.8582000000000003e-05,1.8582000000000003e-05
bloom,1000,add,3.181e-06,2.2446e-05,2.2446e-05
bloom,1000,add,2.3770000000000003e-06,1.7132e-05,1.7132e-05
bloom,1000,add,2.042e-06,1.6152e-05,1.6152e-05
bloom,1000,add,2.283e-06,1.6193000000000002e-05,1.6193000000000002e-05
bloom,1000,add,2.4840000000000003e-06,1.7487e-05,1.7487e-05
bloom,1000,add,2.43e-06,1.7119e-05,1.7119e-05
bloom,1000,add,2.312e-06,1.6752e-05,1.6752e-05
bloom,1000,add,2.092e-06,1.597e-05,1.597e-05
bloom,1000,add,2.272e-06,1.6935e-05,1.6935e-05
bloom,1000,add,2.239e-06,1.7204e-05,1.7204e-05
bloom,1000,add,2.3770000000000003e-06,1.6711e-05,1.6711e-05
bloom,1000,add,2.37e-06,1.6654e-05,1.6654e-05
bloom,1000,add,2.233e-06,1.6269e-05,1.6269e-05
bloom,1000,add,2.2990000000000004e-06,2.0476000000000002e-05,2.0476000000000002e-05
bloom,1000,add,2.582e-06,1.832e-05,1.832e-05
bloom,1000,add,2.5680000000000002e-06,1.9526000000000002e-05,1.9526000000000002e-05
bloom,1000,add,2.217e-06,1.6516000000000002e-05,1.6516000000000002e-05
bloom,1000,add,2.3820000000000002e-06,1.7080000000000002e-05,1.7080000000000002e-05
bloom,1000,add,2.482e-06,1.6815e-05,1.6815e-05
bloom,1000,add,2.211e-06,1.6752e-05,1.6752e-05
bloom,1000,add,2.1620000000000002e-06,1.6064e-05,1.6064e-05
bloom,1000,add,2.229e-06,1.6274e-05,1.6274e-05
bloom,1000,add,2.475e-06,1.6657e-05,1.6657e-05
bloom,1000,add,2.2530000000000003e-06,1.6586e-05,1.6586e-05
bloom,1000,add,2.199e-06,1.6324e-05,1.6324e-05
bloom,1000,add,2.195e-06,1.7181e-05,1.7181e-05
bloom,1000,add,2.436e-06,1.6981000000000002e-05,1.6981000000000002e-05
bloom,1000,add,2.153e-06,1.5977e-05,1.5977e-05
bloom,1000,add,2.3e-06,1.7136e-05,1.7136e-05
bloom,1000,add,2.37e-06,1.791e-05,1.791e-05
bloom,1000,add,2.4570000000000004e-06,1.7933000000000003e-05,1.7933000000000003e-05
bloom,1000,add,2.335e-06,2.0971e-05,2.0971e-05
bloom,1000,add,2.175e-06,1.6449e-05,1.6449e-05
bloom,1000,add,2.245e-06,1.7253000000000002e-05,1.7253000000000002e-05
bloom,1000,contains,1.2620000000000002e-06,6.01e-06,6.01e-06
bloom,1000,contains,1.095e-06,5.534000000000001e-06,5.534000000000001e-06
bloom,1000,contains,8.73e-07,4.962e-06,4.962e-06
bloom,1000,contains,8.16e-07,5.094000000000001e-06,5.094000000000001e-06
bloom,1000,contains,1.0760000000000002e-06,5.635e-06,5.635e-06
bloom,1000,contains,8.450000000000001e-07,7.785000000000001e-06,7.785000000000001e-06
bloom,1000,contains,8.550000000000001e-07,7.2950000000000005e-06,7.2950000000000005e-06
bloom,1000,contains,9.090000000000001e-07,4.814e-06,4.814e-06
bloom,1000,contains,7.84e-07,4.872e-06,4.872e-06
bloom,1000,contains,8.49e-07,5.076e-06,5.076e-06
bloom,1000,contains,7.660000000000001e-07,4.7760000000000005e-06,4.7760000000000005e-06
bloom,1000,contains,8.720000000000001e-07,8.248000000000001e-06,8.248000000000001e-06
bloom,1000,contains,8.81e-07,5.566000000000001e-06,5.566000000000001e-06
bloom,1000,contains,8.88e-07,1.0818e-05,1.0818e-05
bloom,1000,contains,7.660000000000001e-07,4.921e-06,4.921e-06
bloom,1000,contains,8.070000000000001e-07,5.031000000000001e-06,5.031000000000001e-06
bloom,1000,contains,7.820000000000001e-07,4.865e-06,4.865e-06
bloom,1000,contains,8.11e-07,4.7300000000000005e-06,4.7300000000000005e-06
bloom,1000,contains,7.960000000000001e-07,4.913e-06,4.913e-06
bloom,1000,contains,8.08e-07,4.83e-06,4.83e-06
bloom,1000,contains,7.440000000000001e-07,4.891e-06,4.891e-06
bloom,1000,contains,7.690000000000001e-07,5.021000000000001e-06,5.021000000000001e-06
bloom,1000,contains,7.380000000000001e-07,4.835e-06,4.835e-06
bloom,1000,contains,7.71e-07,5.05e-06,5.05e-06
bloom,1000,contains,9.18e-07,5.697000000000001e-06,5.697000000000001e-06
bloom,1000,contains,7.750000000000001e-07,4.746e-06,4.746e-06
bloom,1000,contains,7.790000000000001e-07,4.5720000000000004e-06,4.5720000000000004e-06
bloom,1000,contains,7.56e-07,4.569000000000001e-06,4.569000000000001e-06
bloom,1000,contains,8.280000000000001e-07,4.991e-06,4.991e-06
bloom,1000,contains,9.130000000000001e-07,5.398000000000001e-06,5.398000000000001e-06
bloom,1000,contains,9.770000000000001e-07,5.6050000000000005e-06,5.6050000000000005e-06
bloom,1000,contains,9.130000000000001e-07,5.57e-06,5.57e-06
bloom,1000,contains,7.270000000000001e-07,4.488e-06,4.488e-06
bloom,1000,contains,8.47e-07,5.086e-06,5.086e-06
bloom,1000,contains,1.027e-06,5.4980000000000006e-06,5.4980000000000006e-06
bloom,1000,contains,7.6e-07,4.862e-06,4.862e-06
bloom,1000,contains,8.46e-07,7.386e-06,7.386e-06
bloom,1000,contains,7.970000000000001e-07,4.646e-06,4.646e-06
bloom,1000,contains,7.8e-07,4.865e-06,4.865e-06
bloom,1000,contains,8.01e-07,4.746e-06,4.746e-06
bloom,1000,contains,7.680000000000001e-07,4.76e-06,4.76e-06
bloom,1000,contains,8.16e-07,4.794e-06,4.794e-06
bloom,1000,contains,7.450000000000001e-07,4.773000000000001e-06,4.773000000000001e-06
bloom,1000,contains,7.95e-07,5.117e-06,5.117e-06
bloom,1000,contains,6.830000000000001e-07,4.654000000000001e-06,4.654000000000001e-06
bloom,1000,contains,8.100000000000001e-07,4.865e-06,4.865e-06
bloom,1000,contains,7.85e-07,5.511e-06,5.511e-06
bloom,1000,contains,8.230000000000001e-07,8.191e-06,8.191e-06
bloom,1000,contains,7.37e-07,4.76e-06,4.76e-06
bloom,1000,contains,7.88e-07,7.2610000000000004e-06,7.2610000000000004e-06
bloom,1000,contains,8.440000000000001e-07,5.0510000000000004e-06,5.0510000000000004e-06
bloom,1000,contains,7.61e-07,4.885000000000001e-06,4.885000000000001e-06
bloom,1000,contains,7.760000000000001e-07,4.673e-06,4.673e-06
bloom,1000,contains,8.7e-07,4.954e-06,4.954e-06
bloom,1000,contains,7.590000000000001e-07,7.438000000000001e-06,7.438000000000001e-06
bloom,1000,contains,8.63e-07,5.343e-06,5.343e-06
bloom,1000,contains,7.990000000000001e-07,8.391e-06,8.391e-06
bloom,1000,contains,6.27e-07,4.7130000000000004e-06,4.7130000000000004e-06
bloom,1000,contains,7.830000000000001e-07,4.864e-06,4.864e-06
bloom,1000,contains,8.05e-07,4.792e-06,4.792e-06
bloom,1000,contains,8.04e-07,4.867e-06,4.867e-06
bloom,1000,contains,7.480000000000001e-07,4.787e-06,4.787e-06
bloom,1000,contains,7.170000000000001e-07,4.78e-06,4.78e-06
bloom,1000,contains,8.57e-07,7.582e-06,7.582e-06
bloom,1000,contains,8.550000000000001e-07,5.473e-06,5.473e-06
bloom,1000,contains,9.58e-07,6.404e-06,6.404e-06
bloom,1000,contains,7.16e-07,5.039e-06,5.039e-06
bloom,1000,contains,7.73e-07,4.624e-06,4.624e-06
bloom,1000,contains,7.25e-07,4.816e-06,4.816e-06
bloom,1000,contains,7.39e-07,4.6620000000000004e-06,4.6620000000000004e-06
bloom,1000,contains,7.440000000000001e-07,4.777e-06,4.777e-06
bloom,1000,contains,9.100000000000001e-07,5.539000000000001e-06,5.539000000000001e-06
bloom,1000,contains,7.000000000000001e-07,4.8660000000000005e-06,4.8660000000000005e-06
bloom,1000,contains,7.3e-07,4.711e-06,4.711e-06
bloom,1000,contains,8.240000000000001e-07,4.801e-06,4.801e-06
bloom,1000,contains,8.08e-07,1.4514e-05,1.4514e-05
bloom,1000,contains,8.26e-07,5.2500000000000006e-06,5.2500000000000006e-06
bloom,1000,contains,8.71e-07,5.6950000000000005e-06,5.6950000000000005e-06
bloom,1000,contains,8.88e-07,5.087000000000001e-06,5.087000000000001e-06
bloom,1000,contains,7.22e-07,4.809e-06,4.809e-06
bloom,1000,contains,8.66e-07,5.5590000000000005e-06,5.5590000000000005e-06
bloom,1000,contains,7.960000000000001e-07,4.823e-06,4.823e-06
bloom,1000,contains,6.81e-07,4.402e-06,4.402e-06
bloom,1000,contains,7.170000000000001e-07,4.687e-06,4.687e-06
bloom,1000,contains,7.36e-07,4.658e-06,4.658e-06
bloom,1000,contains,7.26e-07,7.813000000000001e-06,7.813000000000001e-06
bloom,1000,contains,7.32e-07,4.655e-06,4.655e-06
bloom,1000,contains,7.890000000000001e-07,7.63e-06,7.63e-06
bloom,1000,contains,7.61e-07,4.76e-06,4.76e-06
bloom,1000,contains,7.36e-07,4.4260000000000005e-06,4.4260000000000005e-06
bloom,1000,contains,7.110000000000001e-07,4.921e-06,4.921e-06
bloom,1000,contains,7.110000000000001e-07,4.957e-06,4.957e-06
bloom,1000,contains,7.510000000000001e-07,4.879e-06,4.879e-06
bloom,1000,contains,7.070000000000001e-07,4.454e-06,4.454e-06
bloom,1000,contains,7.580000000000001e-07,4.5110000000000005e-06,4.5110000000000005e-06
bloom,1000,contains,7.5e-07,4.814e-06,4.814e-06
bloom,1000,contains,7.43e-07,4.762e-06,4.762e-06
bloom,1000,contains,7.280000000000001e-07,4.585e-06,4.585e-06
bloom,1000,contains,7.510000000000001e-07,5.017e-06,5.017e-06
bloom,1000,contains,8.05e-07,5.2330000000000005e-06,5.2330000000000005e-06
bloom,5000,add,2.9290000000000002e-06,1.9759000000000002e-05,1.9759000000000002e-05
bloom,5000,add,2.5810000000000004e-06,1.7576000000000002e-05,1.7576000000000002e-05
bloom,5000,add,2.5360000000000004e-06,1.7743000000000003e-05,1.7743000000000003e-05
bloom,5000,add,2.576e-06,1.7405e-05,1.7405e-05
bloom,5000,add,2.477e-06,1.7683e-05,1.7683e-05
bloom,5000,add,2.268e-06,1.7223e-05,1.7223e-05
bloom,5000,add,2.481e-06,1.8905000000000003e-05,1.8905000000000003e-05
bloom,5000,add,2.302e-06,1.69e-05,1.69e-05
bloom,5000,add,2.2240000000000002e-06,1.6613000000000002e-05,1.6613000000000002e-05
bloom,5000,add,2.305e-06,1.734e-05,1.734e-05
bloom,5000,add,2.3310000000000002e-06,1.7593000000000002e-05,1.7593000000000002e-05
bloom,5000,add,2.301e-06,1.7259000000000002e-05,1.7259000000000002e-05
bloom,5000,add,2.435e-06,1.7154000000000002e-05,1.7154000000000002e-05
bloom,5000,add,2.47e-06,1.7065e-05,1.7065e-05
bloom,5000,add,2.308e-06,1.6910000000000002e-05,1.6910000000000002e-05
bloom,5000,add,2.39e-06,1.753e-05,1.753e-05
bloom,5000,add,2.3030000000000002e-06,1.6908e-05,1.6908e-05
bloom,5000,add,2.211e-06,1.6701e-05,1.6701e-05
bloom,5000,add,2.296e-06,1.6281000000000002e-05,1.6281000000000002e-05
bloom,5000,add,2.228e-06,1.6856000000000003e-05,1.6856000000000003e-05
bloom,5000,add,2.3430000000000003e-06,1.5981e-05,1.5981e-05
bloom,5000,add,2.397e-06,1.757e-05,1.757e-05
bloom,5000,add,2.37e-06,1.6691e-05,1.6691e-05
bloom,5000,add,2.239e-06,1.7169e-05,1.7169e-05
bloom,5000,add,2.3040000000000003e-06,1.7006e-05,1.7006e-05
bloom,5000,add,2.2760000000000003e-06,1.7292e-05,1.7292e-05
bloom,5000,add,2.3370000000000002e-06,1.7111000000000003e-05,1.7111000000000003e-05
bloom,5000,add,2.3e-06,1.6669000000000003e-05,1.6669000000000003e-05
bloom,5000,add,2.2240000000000002e-06,1.7043000000000003e-05,1.7043000000000003e-05
bloom,5000,add,2.3e-06,1.6358e-05,1.6358e-05
bloom,5000,add,2.137e-06,1.6721e-05,1.6721e-05
bloom,5000,add,2.385e-06,1.6582e-05,1.6582e-05
bloom,5000,add,2.328e-06,1.6828000000000002e-05,1.6828000000000002e-05
bloom,5000,add,2.3380000000000003e-06,1.6655000000000002e-05,1.6655000000000002e-05
bloom,5000,add,2.257e-06,1.6794000000000002e-05,1.6794000000000002e-05
bloom,5000,add,2.239e-06,1.6596000000000002e-05,1.6596000000000002e-05
bloom,5000,add,2.094e-06,1.6316e-05,1.6316e-05
bloom,5000,add,2.318e-06,1.9171e-05,1.9171e-05
bloom,5000,add,2.1620000000000002e-06,1.6362e-05,1.6362e-05
bloom,5000,add,2.108e-06,1.603e-05,1.603e-05
bloom,5000,add,2.1410000000000003e-06,1.6142000000000002e-05,1.6142000000000002e-05
bloom,5000,add,2.291e-06,1.6400000000000002e-05,1.6400000000000002e-05
bloom,5000,add,2.1970000000000003e-06,1.6004e-05,1.6004e-05
bloom,5000,add,2.256e-06,1.6389000000000002e-05,1.6389000000000002e-05
bloom,5000,add,2.307e-06,1.6981000000000002e-05,1.6981000000000002e-05
bloom,5000,add,2.2700000000000003e-06,1.658e-05,1.658e-05
bloom,5000,add,2.183e-06,1.6083000000000002e-05,1.6083000000000002e-05
bloom,5000,add,2.0900000000000003e-06,1.5754000000000002e-05,1.5754000000000002e-05
bloom,5000,add,2.1910000000000003e-06,1.6235e-05,1.6235e-05
bloom,5000,add,2.4110000000000003e-06,1.6665e-05,1.6665e-05
bloom,5000,add,2.0560000000000003e-06,1.5907000000000002e-05,1.5907000000000002e-05
bloom,5000,add,2.504e-06,1.6503e-05,1.6503e-05
bloom,5000,add,2.322e-06,1.7008e-05,1.7008e-05
bloom,5000,add,2.105e-06,1.5751000000000002e-05,1.5751000000000002e-05
bloom,5000,add,2.059e-06,1.5816000000000002e-05,1.5816000000000002e-05
bloom,5000,add,2.194e-06,1.6832e-05,1.6832e-05
bloom,5000,add,2.1000000000000002e-06,1.6025e-05,1.6025e-05
bloom,5000,add,2.2240000000000002e-06,1.5694000000000003e-05,1.5694000000000003e-05
bloom,5000,add,2.1010000000000003e-06,1.6445000000000003e-05,1.6445000000000003e-05
bloom,5000,add,2.418e-06,1.6452e-05,1.6452e-05
bloom,5000,add,2.2700000000000003e-06,1.7037e-05,1.7037e-05
bloom,5000,add,2.229e-06,1.6360000000000003e-05,1.6360000000000003e-05
bloom,5000,add,2.301e-06,1.6549e-05,1.6549e-05
bloom,5000,add,2.1790000000000002e-06,1.646e-05,1.646e-05
bloom,5000,add,2.08e-06,1.6535e-05,1.6535e-05
bloom,5000,add,2.379e-06,1.6237e-05,1.6237e-05
bloom,5000,add,2.189e-06,1.6464e-05,1.6464e-05
bloom,5000,add,2.0280000000000003e-06,1.6230000000000002e-05,1.6230000000000002e-05
bloom,5000,add,1.996e-06,1.6224000000000003e-05,1.6224000000000003e-05
bloom,5000,add,2.3430000000000003e-06,1.6296e-05,1.6296e-05
bloom,5000,add,2.1580000000000003e-06,1.6862000000000002e-05,1.6862000000000002e-05
bloom,5000,add,2.148e-06,1.8178e-05,1.8178e-05
bloom,5000,add,2.199e-06,1.6559000000000002e-05,1.6559000000000002e-05
bloom,5000,add,2.5360000000000004e-06,1.7947e-05,1.7947e-05
bloom,5000,add,2.249e-06,1.7157000000000002e-05,1.7157000000000002e-05
bloom,5000,add,2.1850000000000003e-06,1.6485000000000002e-05,1.6485000000000002e-05
bloom,5000,add,2.3710000000000003e-06,1.6872e-05,1.6872e-05
bloom,5000,add,2.2930000000000003e-06,1.6546e-05,1.6546e-05
bloom,5000,add,2.2860000000000002e-06,1.6558e-05,1.6558e-05
bloom,5000,add,2.3e-06,1.6595e-05,1.6595e-05
bloom,5000,add,2.137e-06,1.62e-05,1.62e-05
bloom,5000,add,2.232e-06,1.5538e-05,1.5538e-05
bloom,5000,add,2.111e-06,1.6153e-05,1.6153e-05
bloom,5000,add,2.1340000000000002e-06,1.6354e-05,1.6354e-05
bloom,5000,add,2.2190000000000003e-06,1.6242e-05,1.6242e-05
bloom,5000,add,2.2300000000000002e-06,1.6167e-05,1.6167e-05
bloom,5000,add,2.103e-06,1.588e-05,1.588e-05
bloom,5000,add,2.215e-06,1.6339e-05,1.6339e-05
bloom,5000,add,2.133e-06,1.6040000000000002e-05,1.6040000000000002e-05
bloom,5000,add,2.235e-06,1.6242e-05,1.6242e-05
bloom,5000,add,2.1790000000000002e-06,1.7053e-05,1.7053e-05
bloom,5000,add,2.322e-06,1.6780000000000002e-05,1.6780000000000002e-05
bloom,5000,add,2.336e-06,1.6659e-05,1.6659e-05
bloom,5000,add,2.2030000000000003e-06,1.6612e-05,1.6612e-05
bloom,5000,add,2.283e-06,1.6475e-05,1.6475e-05
bloom,5000,add,2.2370000000000004e-06,1.6477e-05,1.6477e-05
bloom,5000,add,2.2860000000000002e-06,1.6297e-05,1.6297e-05
bloom,5000,add,2.442e-06,1.6527e-05,1.6527e-05
bloom,5000,add,2.115e-06,1.5979e-05,1.5979e-05
bloom,5000,add,2.323e-06,1.6489e-05,1.6489e-05
bloom,5000,contains,1.291e-06,5.9530000000000004e-06,5.9530000000000004e-06
bloom,5000,contains,1.1380000000000002e-06,5.5640000000000004e-06,5.5640000000000004e-06
bloom,5000,contains,9.370000000000001e-07,5.212e-06,5.212e-06
bloom,5000,contains,8.720000000000001e-07,5.18e-06,5.18e-06
bloom,5000,contains,8.610000000000001e-07,4.923e-06,4.923e-06
bloom,5000,contains,7.660000000000001e-07,4.808e-06,4.808e-06
bloom,5000,contains,8.440000000000001e-07,4.875e-06,4.875e-06
bloom,5000,contains,8.410000000000001e-07,4.774e-06,4.774e-06
bloom,5000,contains,7.81e-07,4.646e-06,4.646e-06
bloom,5000,contains,8.73e-07,4.864e-06,4.864e-06
bloom,5000,contains,7.88e-07,4.462000000000001e-06,4.462000000000001e-06
bloom,5000,contains,8.18e-07,4.724e-06,4.724e-06
bloom,5000,contains,7.760000000000001e-07,5.084e-06,5.084e-06
bloom,5000,contains,7.580000000000001e-07,4.797e-06,4.797e-06
bloom,5000,contains,7.7e-07,4.876e-06,4.876e-06
bloom,5000,contains,7.63e-07,5.3570000000000005e-06,5.3570000000000005e-06
bloom,5000,contains,8.04e-07,7.393e-06,7.393e-06
bloom,5000,contains,8.650000000000001e-07,4.932e-06,4.932e-06
bloom,5000,contains,7.32e-07,4.639e-06,4.639e-06
bloom,5000,contains,7.95e-07,4.8490000000000005e-06,4.8490000000000005e-06
bloom,5000,contains,7.53e-07,4.792e-06,4.792e-06
bloom,5000,contains,8.070000000000001e-07,4.515e-06,4.515e-06
bloom,5000,contains,7.270000000000001e-07,4.542e-06,4.542e-06
bloom,5000,contains,7.57e-07,4.935e-06,4.935e-06
bloom,5000,contains,8.4e-07,4.9780000000000005e-06,4.9780000000000005e-06
bloom,5000,contains,8.25e-07,5.042e-06,5.042e-06
bloom,5000,contains,7.47e-07,4.731e-06,4.731e-06
bloom,5000,contains,7.380000000000001e-07,4.841e-06,4.841e-06
bloom,5000,contains,7.720000000000001e-07,4.893e-06,4.893e-06
bloom,5000,contains,7.450000000000001e-07,4.598000000000001e-06,4.598000000000001e-06
bloom,5000,contains,8.16e-07,4.5550000000000004e-06,4.5550000000000004e-06
bloom,5000,contains,7.750000000000001e-07,4.712e-06,4.712e-06
bloom,5000,contains,7.53e-07,4.5060000000000006e-06,4.5060000000000006e-06
bloom,5000,contains,8.070000000000001e-07,4.896e-06,4.896e-06
bloom,5000,contains,7.450000000000001e-07,4.464e-06,4.464e-06
bloom,5000,contains,8.02e-07,4.970000000000001e-06,4.970000000000001e-06
bloom,5000,contains,6.85e-07,4.886e-06,4.886e-06
bloom,5000,contains,7.620000000000001e-07,5.072000000000001e-06,5.072000000000001e-06
bloom,5000,contains,7.71e-07,4.801e-06,4.801e-06
bloom,5000,contains,7.590000000000001e-07,4.996e-06,4.996e-06
bloom,5000,contains,7.100000000000001e-07,4.518000000000001e-06,4.518000000000001e-06
bloom,5000,contains,7.53e-07,4.789e-06,4.789e-06
bloom,5000,contains,7.070000000000001e-07,4.57e-06,4.57e-06
bloom,5000,contains,7.6e-07,4.822000000000001e-06,4.822000000000001e-06
bloom,5000,contains,6.92e-07,4.769e-06,4.769e-06
bloom,5000,contains,7.550000000000001e-07,5.162000000000001e-06,5.162000000000001e-06
bloom,5000,contains,7.990000000000001e-07,4.823e-06,4.823e-06
bloom,5000,contains,7.43e-07,4.799e-06,4.799e-06
bloom,5000,contains,7.36e-07,4.7370000000000006e-06,4.7370000000000006e-06
bloom,5000,contains,7.64e-07,4.867e-06,4.867e-06
bloom,5000,contains,7.070000000000001e-07,4.571e-06,4.571e-06
bloom,5000,contains,8.210000000000001e-07,4.795000000000001e-06,4.795000000000001e-06
bloom,5000,contains,7.36e-07,4.661e-06,4.661e-06
bloom,5000,contains,7.790000000000001e-07,4.836e-06,4.836e-06
bloom,5000,contains,7.620000000000001e-07,4.639e-06,4.639e-06
bloom,5000,contains,7.01e-07,4.559e-06,4.559e-06
bloom,5000,contains,7.550000000000001e-07,4.547000000000001e-06,4.547000000000001e-06
bloom,5000,contains,7.26e-07,4.442e-06,4.442e-06
bloom,5000,contains,7.760000000000001e-07,4.6690000000000005e-06,4.6690000000000005e-06
bloom,5000,contains,7.36e-07,4.639e-06,4.639e-06
bloom,5000,contains,7.550000000000001e-07,4.576e-06,4.576e-06
bloom,5000,contains,7.09e-07,4.4430000000000005e-06,4.4430000000000005e-06
bloom,5000,contains,7.63e-07,4.478e-06,4.478e-06
bloom,5000,contains,8.5e-07,4.9390000000000005e-06,4.9390000000000005e-06
bloom,5000,contains,7.760000000000001e-07,4.724e-06,4.724e-06
bloom,5000,contains,7.720000000000001e-07,4.8200000000000004e-06,4.8200000000000004e-06
bloom,5000,contains,6.56e-07,4.7e-06,4.7e-06
bloom,5000,contains,7.210000000000001e-07,4.457000000000001e-06,4.457000000000001e-06
bloom,5000,contains,7.87e-07,5.003e-06,5.003e-06
bloom,5000,contains,7.340000000000001e-07,4.7200000000000005e-06,4.7200000000000005e-06
bloom,5000,contains,7.240000000000001e-07,4.881e-06,4.881e-06
bloom,5000,contains,7.620000000000001e-07,4.841e-06,4.841e-06
bloom,5000,contains,7.36e-07,4.624e-06,4.624e-06
bloom,5000,contains,7.13e-07,4.775e-06,4.775e-06
bloom,5000,contains,7.690000000000001e-07,4.656e-06,4.656e-06
bloom,5000,contains,7.620000000000001e-07,4.814e-06,4.814e-06
bloom,5000,contains,8.02e-07,4.9780000000000005e-06,4.9780000000000005e-06
bloom,5000,contains,7.590000000000001e-07,4.5110000000000005e-06,4.5110000000000005e-06
bloom,5000,contains,7.67e-07,4.48e-06,4.48e-06
bloom,5000,contains,7.8e-07,4.6e-06,4.6e-06
bloom,5000,contains,6.960000000000001e-07,4.283e-06,4.283e-06
bloom,5000,contains,7.32e-07,4.752e-06,4.752e-06
bloom,5000,contains,7.720000000000001e-07,4.643e-06,4.643e-06
bloom,5000,contains,7.990000000000001e-07,4.802e-06,4.802e-06
bloom,5000,contains,8.42e-07,4.865e-06,4.865e-06
bloom,5000,contains,7.88e-07,4.644e-06,4.644e-06
bloom,5000,contains,6.930000000000001e-07,4.376e-06,4.376e-06
bloom,5000,contains,7.73e-07,4.8490000000000005e-06,4.8490000000000005e-06
bloom,5000,contains,7.900000000000001e-07,4.525e-06,4.525e-06
bloom,5000,contains,7.410000000000001e-07,4.637000000000001e-06,4.637000000000001e-06
bloom,5000,contains,7.94e-07,4.564000000000001e-06,4.564000000000001e-06
bloom,5000,contains,7.43e-07,4.921e-06,4.921e-06
bloom,5000,contains,7.85e-07,4.751e-06,4.751e-06
bloom,5000,contains,8.340000000000001e-07,5.205e-06,5.205e-06
bloom,5000,contains,7.94e-07,4.877e-06,4.877e-06
bloom,5000,contains,8.15e-07,4.979e-06,4.979e-06
bloom,5000,contains,6.900000000000001e-07,4.633e-06,4.633e-06
bloom,5000,contains,8.210000000000001e-07,4.845e-06,4.845e-06
bloom,5000,contains,7.84e-07,5.0410000000000005e-06,5.0410000000000005e-06
bloom,5000,contains,7.09e-07,7.711000000000001e-06,7.711000000000001e-06
bloom,10000,add,3.022e-06,2.0131e-05,2.0131e-05
bloom,10000,add,2.6200000000000003e-06,1.696e-05,1.696e-05
bloom,10000,add,2.171e-06,1.6836e-05,1.6836e-05
bloom,10000,add,2.562e-06,1.7633000000000002e-05,1.7633000000000002e-05
bloom,10000,add,2.4230000000000003e-06,1.6888e-05,1.6888e-05
bloom,10000,add,2.4840000000000003e-06,1.9098000000000002e-05,1.9098000000000002e-05
bloom,10000,add,2.584e-06,1.8692e-05,1.8692e-05
bloom,10000,add,3.961e-06,2.8145000000000002e-05,2.8145000000000002e-05
bloom,10000,add,3.016e-06,2.4086000000000003e-05,2.4086000000000003e-05
bloom,10000,add,3.637e-06,2.7472e-05,2.7472e-05
bloom,10000,add,2.646e-06,2.0004e-05,2.0004e-05
bloom,10000,add,1.7398000000000002e-05,0.000139712,0.000139712
bloom,10000,add,2.086e-06,1.6736e-05,1.6736e-05
bloom,10000,add,1.9820000000000003e-06,1.6116e-05,1.6116e-05
bloom,10000,add,2.65e-06,2.1149e-05,2.1149e-05
bloom,10000,add,2.2130000000000002e-06,1.6976e-05,1.6976e-05
bloom,10000,add,2.1850000000000003e-06,1.6835e-05,1.6835e-05
bloom,10000,add,2.256e-06,1.6209e-05,1.6209e-05
bloom,10000,add,2.279e-06,1.6286e-05,1.6286e-05
bloom,10000,add,2.156e-06,1.6537e-05,1.6537e-05
bloom,10000,add,2.233e-06,1.6661000000000002e-05,1.6661000000000002e-05
bloom,10000,add,2.26e-06,1.6823e-05,1.6823e-05
bloom,10000,add,2.311e-06,1.6947000000000002e-05,1.6947000000000002e-05
bloom,10000,add,2.291e-06,1.6699e-05,1.6699e-05
bloom,10000,add,2.1180000000000003e-06,1.6045e-05,1.6045e-05
bloom,10000,add,2.233e-06,1.6277e-05,1.6277e-05
bloom,10000,add,2.3370000000000002e-06,1.7079e-05,1.7079e-05
bloom,10000,add,2.143e-06,1.6207000000000003e-05,1.6207000000000003e-05
bloom,10000,add,2.215e-06,1.6511e-05,1.6511e-05
bloom,10000,add,2.311e-06,1.7118e-05,1.7118e-05
bloom,10000,add,2.149e-06,1.683e-05,1.683e-05
bloom,10000,add,2.2530000000000003e-06,1.7314e-05,1.7314e-05
bloom,10000,add,2.3320000000000003e-06,1.7186e-05,1.7186e-05
bloom,10000,add,2.273e-06,1.6399e-05,1.6399e-05
bloom,10000,add,2.314e-06,1.6523e-05,1.6523e-05
bloom,10000,add,2.316e-06,1.7726000000000003e-05,1.7726000000000003e-05
bloom,10000,add,2.5340000000000002e-06,2.1380000000000002e-05,2.1380000000000002e-05
bloom,10000,add,2.837e-06,3.2577e-05,3.2577e-05
bloom,10000,add,3.31e-06,2.1052e-05,2.1052e-05
bloom,10000,add,2.3880000000000003e-06,1.8201e-05,1.8201e-05
bloom,10000,add,2.499e-06,1.8886000000000002e-05,1.8886000000000002e-05
bloom,10000,add,2.7950000000000003e-06,1.9885e-05,1.9885e-05
bloom,10000,add,2.776e-06,1.9684e-05,1.9684e-05
bloom,10000,add,3.39e-06,2.425e-05,2.425e-05
bloom,10000,add,2.691e-06,2.0015e-05,2.0015e-05
bloom,10000,add,2.854e-06,2.0199e-05,2.0199e-05
bloom,10000,add,2.554e-06,2.2703000000000003e-05,2.2703000000000003e-05
bloom,10000,add,2.201e-06,1.6060000000000002e-05,1.6060000000000002e-05
bloom,10000,add,2.279e-06,1.9521e-05,1.9521e-05
bloom,10000,add,2.544e-06,1.9187e-05,1.9187e-05
bloom,10000,add,2.6260000000000004e-06,1.9018e-05,1.9018e-05
bloom,10000,add,2.7e-06,1.9267e-05,1.9267e-05
bloom,10000,add,2.1340000000000002e-06,1.6171e-05,1.6171e-05
bloom,10000,add,2.4670000000000003e-06,1.6473e-05,1.6473e-05
bloom,10000,add,3.6190000000000004e-06,2.2922000000000002e-05,2.2922000000000002e-05
bloom,10000,add,2.2860000000000002e-06,1.6914e-05,1.6914e-05
bloom,10000,add,2.39e-06,1.7279000000000002e-05,1.7279000000000002e-05
bloom,10000,add,2.601e-06,1.8456e-05,1.8456e-05
bloom,10000,add,2.579e-06,1.7792000000000002e-05,1.7792000000000002e-05
bloom,10000,add,2.785e-06,2.1878000000000003e-05,2.1878000000000003e-05
bloom,10000,add,3.029e-06,2.1980000000000003e-05,2.1980000000000003e-05
bloom,10000,add,2.6190000000000003e-06,2.0905e-05,2.0905e-05
bloom,10000,add,3.0550000000000004e-06,2.44e-05,2.44e-05
bloom,10000,add,2.999e-06,2.2814000000000002e-05,2.2814000000000002e-05
bloom,10000,add,2.837e-06,3.1663000000000005e-05,3.1663000000000005e-05
bloom,10000,add,2.403e-06,1.862e-05,1.862e-05
bloom,10000,add,3.016e-06,2.5622000000000003e-05,2.5622000000000003e-05
bloom,10000,add,3.502e-06,2.5645000000000003e-05,2.5645000000000003e-05
bloom,10000,add,3.625e-06,2.6314000000000003e-05,2.6314000000000003e-05
bloom,10000,add,2.809e-06,2.0105e-05,2.0105e-05
bloom,10000,add,3.107e-06,2.4551000000000003e-05,2.4551000000000003e-05
bloom,10000,add,3.1110000000000004e-06,2.2358000000000002e-05,2.2358000000000002e-05
bloom,10000,add,2.28e-06,1.8277e-05,1.8277e-05
bloom,10000,add,2.387e-06,1.7085e-05,1.7085e-05
bloom,10000,add,2.3430000000000003e-06,1.6575e-05,1.6575e-05
bloom,10000,add,2.1410000000000003e-06,1.6248e-05,1.6248e-05
bloom,10000,add,2.2240000000000002e-06,1.6288e-05,1.6288e-05
bloom,10000,add,2.128e-06,1.6524e-05,1.6524e-05
bloom,10000,add,2.2530000000000003e-06,1.6964000000000002e-05,1.6964000000000002e-05
bloom,10000,add,2.3150000000000003e-06,1.6647000000000002e-05,1.6647000000000002e-05
bloom,10000,add,2.476e-06,1.6445000000000003e-05,1.6445000000000003e-05
bloom,10000,add,2.183e-06,1.6674e-05,1.6674e-05
bloom,10000,add,2.6870000000000003e-06,1.7339e-05,1.7339e-05
bloom,10000,add,2.527e-06,1.8589e-05,1.8589e-05
bloom,10000,add,2.605e-06,1.8458000000000002e-05,1.8458000000000002e-05
bloom,10000,add,2.274e-06,1.7003e-05,1.7003e-05
bloom,10000,add,2.105e-06,1.6005e-05,1.6005e-05
bloom,10000,add,2.246e-06,1.6629e-05,1.6629e-05
bloom,10000,add,2.221e-06,1.6306e-05,1.6306e-05
bloom,10000,add,2.188e-06,1.6427e-05,1.6427e-05
bloom,10000,add,2.1180000000000003e-06,1.6420000000000002e-05,1.6420000000000002e-05
bloom,10000,add,2.2690000000000002e-06,1.6360000000000003e-05,1.6360000000000003e-05
bloom,10000,add,2.042e-06,1.5958000000000002e-05,1.5958000000000002e-05
bloom,10000,add,2.2080000000000003e-06,1.6543e-05,1.6543e-05
bloom,10000,add,2.333e-06,1.6771000000000003e-05,1.6771000000000003e-05
bloom,10000,add,2.314e-06,1.6315000000000002e-05,1.6315000000000002e-05
bloom,10000,add,2.122e-06,1.5867000000000002e-05,1.5867000000000002e-05
bloom,10000,add,2.1910000000000003e-06,1.6024e-05,1.6024e-05
bloom,10000,add,2.127e-06,1.5954e-05,1.5954e-05
bloom,10000,add,2.578e-06,2.1686000000000002e-05,2.1686000000000002e-05
bloom,10000,contains,1.477e-06,6.587000000000001e-06,6.587000000000001e-06
bloom,10000,contains,1.136e-06,5.686e-06,5.686e-06
bloom,10000,contains,9.340000000000001e-07,5.354000000000001e-06,5.354000000000001e-06
bloom,10000,contains,7.970000000000001e-07,5.21e-06,5.21e-06
bloom,10000,contains,7.830000000000001e-07,4.9220000000000005e-06,4.9220000000000005e-06
bloom,10000,contains,8.04e-07,5.335000000000001e-06,5.335000000000001e-06
bloom,10000,contains,7.57e-07,5.352000000000001e-06,5.352000000000001e-06
bloom,10000,contains,7.12e-07,4.9680000000000005e-06,4.9680000000000005e-06
bloom,10000,contains,7.22e-07,5.245000000000001e-06,5.245000000000001e-06
bloom,10000,contains,7.77e-07,5.459000000000001e-06,5.459000000000001e-06
bloom,10000,contains,8.100000000000001e-07,4.884e-06,4.884e-06
bloom,10000,contains,9.170000000000001e-07,5.1990000000000005e-06,5.1990000000000005e-06
bloom,10000,contains,7.18e-07,4.964e-06,4.964e-06
bloom,10000,contains,9.25e-07,4.787e-06,4.787e-06
bloom,10000,contains,9.070000000000001e-07,5.176e-06,5.176e-06
bloom,10000,contains,1.096e-06,6.851e-06,6.851e-06
bloom,10000,contains,2.5810000000000004e-06,8.205e-06,8.205e-06
bloom,10000,contains,7.61e-07,4.7930000000000005e-06,4.7930000000000005e-06
bloom,10000,contains,8.71e-07,5.901000000000001e-06,5.901000000000001e-06
bloom,10000,contains,8.84e-07,5.5150000000000006e-06,5.5150000000000006e-06
bloom,10000,contains,9.230000000000001e-07,5.589e-06,5.589e-06
bloom,10000,contains,8.74e-07,5.618e-06,5.618e-06
bloom,10000,contains,9.570000000000001e-07,5.479e-06,5.479e-06
bloom,10000,contains,1.314e-06,2.5164e-05,2.5164e-05
bloom,10000,contains,8.650000000000001e-07,5.895e-06,5.895e-06
bloom,10000,contains,1.182e-06,6.730000000000001e-06,6.730000000000001e-06
bloom,10000,contains,1.257e-06,7.432e-06,7.432e-06
bloom,10000,contains,1.5360000000000002e-06,7.822e-06,7.822e-06
bloom,10000,contains,1.102e-06,6.5580000000000006e-06,6.5580000000000006e-06
bloom,10000,contains,1.089e-06,6.7090000000000005e-06,6.7090000000000005e-06
bloom,10000,contains,7.410000000000001e-07,7.93e-06,7.93e-06
bloom,10000,contains,8.29e-07,5.211000000000001e-06,5.211000000000001e-06
bloom,10000,contains,7.73e-07,4.726e-06,4.726e-06
bloom,10000,contains,7.760000000000001e-07,4.664000000000001e-06,4.664000000000001e-06
bloom,10000,contains,7.29e-07,4.6e-06,4.6e-06
bloom,10000,contains,9.800000000000001e-07,5.6150000000000005e-06,5.6150000000000005e-06
bloom,10000,contains,1.4140000000000001e-06,8.464e-06,8.464e-06
bloom,10000,contains,1.342e-06,8.743e-06,8.743e-06
bloom,10000,contains,1.2870000000000001e-06,8.065e-06,8.065e-06
bloom,10000,contains,1.827e-06,1.2631000000000002e-05,1.2631000000000002e-05
bloom,10000,contains,3.0640000000000002e-06,3.0381000000000003e-05,3.0381000000000003e-05
bloom,10000,contains,5.686e-06,1.8348e-05,1.8348e-05
bloom,10000,contains,1.5640000000000002e-06,9.476e-06,9.476e-06
bloom,10000,contains,3.2410000000000004e-06,1.3876e-05,1.3876e-05
bloom,10000,contains,1.3830000000000001e-06,9.766000000000001e-06,9.766000000000001e-06
bloom,10000,contains,2.029e-06,1.3895000000000002e-05,1.3895000000000002e-05
bloom,10000,contains,1.3940000000000001e-06,1.0602000000000001e-05,1.0602000000000001e-05
bloom,10000,contains,1.933e-06,1.5686000000000002e-05,1.5686000000000002e-05
bloom,10000,contains,2.336e-06,1.7683e-05,1.7683e-05
bloom,10000,contains,1.734e-06,1.0176e-05,1.0176e-05
bloom,10000,contains,1.534e-06,9.215e-06,9.215e-06
bloom,10000,contains,1.305e-06,8.851e-06,8.851e-06
bloom,10000,contains,1.396e-06,8.168e-06,8.168e-06
bloom,10000,contains,1.274e-06,8.114e-06,8.114e-06
bloom,10000,contains,1.5240000000000001e-06,8.449e-06,8.449e-06
bloom,10000,contains,1.5070000000000001e-06,1.1693000000000001e-05,1.1693000000000001e-05
bloom,10000,contains,1.7050000000000002e-06,2.3508000000000003e-05,2.3508000000000003e-05
bloom,10000,contains,8.610000000000001e-07,5.414e-06,5.414e-06
bloom,10000,contains,8.720000000000001e-07,5.958e-06,5.958e-06
bloom,10000,contains,7.100000000000001e-07,4.522e-06,4.522e-06
bloom,10000,contains,7.210000000000001e-07,4.872e-06,4.872e-06
bloom,10000,contains,8.830000000000001e-07,5.1430000000000006e-06,5.1430000000000006e-06
bloom,10000,contains,8.18e-07,5.207e-06,5.207e-06
bloom,10000,contains,7.36e-07,4.885000000000001e-06,4.885000000000001e-06
bloom,10000,contains,7.690000000000001e-07,4.867e-06,4.867e-06
bloom,10000,contains,7.860000000000001e-07,5.269000000000001e-06,5.269000000000001e-06
bloom,10000,contains,7.57e-07,7.88e-06,7.88e-06
bloom,10000,contains,7.760000000000001e-07,5.033e-06,5.033e-06
bloom,10000,contains,7.170000000000001e-07,5.096e-06,5.096e-06
bloom,10000,contains,6.81e-07,4.5450000000000005e-06,4.5450000000000005e-06
bloom,10000,contains,7.85e-07,4.8780000000000006e-06,4.8780000000000006e-06
bloom,10000,contains,7.410000000000001e-07,5.104000000000001e-06,5.104000000000001e-06
bloom,10000,contains,7.57e-07,5.035e-06,5.035e-06
bloom,10000,contains,7.420000000000001e-07,5.0920000000000005e-06,5.0920000000000005e-06
bloom,10000,contains,9.29e-07,5.6610000000000005e-06,5.6610000000000005e-06
bloom,10000,contains,8.820000000000001e-07,4.93e-06,4.93e-06
bloom,10000,contains,9.43e-07,8.177e-06,8.177e-06
bloom,10000,contains,7.660000000000001e-07,4.748e-06,4.748e-06
bloom,10000,contains,7.340000000000001e-07,4.6620000000000004e-06,4.6620000000000004e-06
bloom,10000,contains,9.070000000000001e-07,4.694e-06,4.694e-06
bloom,10000,contains,7.33e-07,4.574000000000001e-06,4.574000000000001e-06
bloom,10000,contains,8.130000000000001e-07,5.028e-06,5.028e-06
bloom,10000,contains,8.070000000000001e-07,4.857e-06,4.857e-06
bloom,10000,contains,8.22e-07,4.909e-06,4.909e-06
bloom,10000,contains,7.070000000000001e-07,4.791e-06,4.791e-06
bloom,10000,contains,7.440000000000001e-07,5.179000000000001e-06,5.179000000000001e-06
bloom,10000,contains,7.590000000000001e-07,4.9050000000000005e-06,4.9050000000000005e-06
bloom,10000,contains,7.100000000000001e-07,4.795000000000001e-06,4.795000000000001e-06
bloom,10000,contains,7.8e-07,4.9100000000000004e-06,4.9100000000000004e-06
bloom,10000,contains,7.5e-07,4.817000000000001e-06,4.817000000000001e-06
bloom,10000,contains,7.110000000000001e-07,4.782e-06,4.782e-06
bloom,10000,contains,7.520000000000001e-07,4.942e-06,4.942e-06
bloom,10000,contains,8.680000000000001e-07,5.163e-06,5.163e-06
bloom,10000,contains,8.920000000000001e-07,5.749e-06,5.749e-06
bloom,10000,contains,7.85e-07,4.763e-06,4.763e-06
bloom,10000,contains,7.5e-07,5.1870000000000005e-06,5.1870000000000005e-06
bloom,10000,contains,7.520000000000001e-07,4.413e-06,4.413e-06
bloom,10000,contains,8.510000000000001e-07,4.729e-06,4.729e-06
bloom,10000,contains,7.77e-07,4.5550000000000004e-06,4.5550000000000004e-06
bloom,10000,contains,7.380000000000001e-07,5.0290000000000005e-06,5.0290000000000005e-06
bloom,50000,add,2.988e-06,2.0594e-05,2.0594e-05
bloom,50000,add,2.6300000000000002e-06,1.7437000000000003e-05,1.7437000000000003e-05
bloom,50000,add,2.604e-06,1.7607000000000003e-05,1.7607000000000003e-05
bloom,50000,add,2.2820000000000003e-06,1.6828000000000002e-05,1.6828000000000002e-05
bloom,50000,add,2.2310000000000003e-06,1.7212e-05,1.7212e-05
bloom,50000,add,2.128e-06,1.6886e-05,1.6886e-05
bloom,50000,add,2.187e-06,1.7325e-05,1.7325e-05
bloom,50000,add,2.099e-06,1.7168000000000002e-05,1.7168000000000002e-05
bloom,50000,add,2.2820000000000003e-06,1.6475e-05,1.6475e-05
bloom,50000,add,2.1170000000000002e-06,1.6444e-05,1.6444e-05
bloom,50000,add,2.308e-06,1.7023e-05,1.7023e-05
bloom,50000,add,2.121e-06,1.6793e-05,1.6793e-05
bloom,50000,add,2.288e-06,1.6803e-05,1.6803e-05
bloom,50000,add,2.328e-06,1.7714e-05,1.7714e-05
bloom,50000,add,2.3710000000000003e-06,1.7839e-05,1.7839e-05
bloom,50000,add,2.103e-06,1.6717e-05,1.6717e-05
bloom,50000,add,2.323e-06,1.7249e-05,1.7249e-05
bloom,50000,add,2.395e-06,1.9491e-05,1.9491e-05
bloom,50000,add,2.3990000000000002e-06,1.6627000000000002e-05,1.6627000000000002e-05
bloom,50000,add,2.296e-06,1.6262e-05,1.6262e-05
bloom,50000,add,2.272e-06,1.6399e-05,1.6399e-05
bloom,50000,add,2.2240000000000002e-06,1.6507e-05,1.6507e-05
bloom,50000,add,2.4440000000000002e-06,1.6809e-05,1.6809e-05
bloom,50000,add,2.0160000000000003e-06,1.6425e-05,1.6425e-05
bloom,50000,add,2.24e-06,1.6662e-05,1.6662e-05
bloom,50000,add,2.206e-06,4.3251e-05,4.3251e-05
bloom,50000,add,2.415e-06,1.7608e-05,1.7608e-05
bloom,50000,add,2.995e-06,2.5173e-05,2.5173e-05
bloom,50000,add,2.9300000000000003e-06,2.2292000000000003e-05,2.2292000000000003e-05
bloom,50000,add,3.8350000000000006e-06,2.9060000000000003e-05,2.9060000000000003e-05
bloom,50000,add,3.013e-06,2.3811000000000003e-05,2.3811000000000003e-05
bloom,50000,add,3.198e-06,2.4860000000000003e-05,2.4860000000000003e-05
bloom,50000,add,3.58e-06,3.3071e-05,3.3071e-05
bloom,50000,add,3.288e-06,2.5189000000000002e-05,2.5189000000000002e-05
bloom,50000,add,3.7e-06,3.5573e-05,3.5573e-05
bloom,50000,add,3.1660000000000003e-06,2.5347000000000003e-05,2.5347000000000003e-05
bloom,50000,add,2.4510000000000003e-06,3.3028e-05,3.3028e-05
bloom,50000,add,2.505e-06,2.3153e-05,2.3153e-05
bloom,50000,add,2.104e-06,1.6952e-05,1.6952e-05
bloom,50000,add,2.181e-06,1.7263e-05,1.7263e-05
bloom,50000,add,2.122e-06,1.6836e-05,1.6836e-05
bloom,50000,add,2.058e-06,1.5947e-05,1.5947e-05
bloom,50000,add,2.1180000000000003e-06,1.6688e-05,1.6688e-05
bloom,50000,add,2.069e-06,1.6623e-05,1.6623e-05
bloom,50000,add,2.2990000000000004e-06,1.6204e-05,1.6204e-05
bloom,50000,add,2.37e-06,1.6666000000000003e-05,1.6666000000000003e-05
bloom,50000,add,3.248e-06,2.0322000000000003e-05,2.0322000000000003e-05
bloom,50000,add,2.11e-06,1.65e-05,1.65e-05
bloom,50000,add,2.222e-06,1.6631e-05,1.6631e-05
bloom,50000,add,2.1580000000000003e-06,1.6551e-05,1.6551e-05
bloom,50000,add,2.1010000000000003e-06,1.6401e-05,1.6401e-05
bloom,50000,add,2.0720000000000002e-06,1.6514e-05,1.6514e-05
bloom,50000,add,2.3480000000000002e-06,1.6488000000000002e-05,1.6488000000000002e-05
bloom,50000,add,2.2470000000000003e-06,1.6343000000000003e-05,1.6343000000000003e-05
bloom,50000,add,2.226e-06,1.7016e-05,1.7016e-05
bloom,50000,add,2.159e-06,1.6646e-05,1.6646e-05
bloom,50000,add,2.414e-06,1.6644000000000002e-05,1.6644000000000002e-05
bloom,50000,add,2.257e-06,1.6247000000000002e-05,1.6247000000000002e-05
bloom,50000,add,2.139e-06,1.6544e-05,1.6544e-05
bloom,50000,add,2.273e-06,1.728e-05,1.728e-05
bloom,50000,add,2.2140000000000003e-06,1.7096e-05,1.7096e-05
bloom,50000,add,2.33e-06,1.6376e-05,1.6376e-05
bloom,50000,add,2.077e-06,1.6073e-05,1.6073e-05
bloom,50000,add,2.166e-06,1.7302e-05,1.7302e-05
bloom,50000,add,2.266e-06,1.6683000000000003e-05,1.6683000000000003e-05
bloom,50000,add,2.155e-06,1.6624000000000002e-05,1.6624000000000002e-05
bloom,50000,add,2.3100000000000003e-06,3.5442000000000004e-05,3.5442000000000004e-05
bloom,50000,add,2.1860000000000003e-06,1.711e-05,1.711e-05
bloom,50000,add,2.178e-06,1.7245000000000002e-05,1.7245000000000002e-05
bloom,50000,add,2.291e-06,1.6531e-05,1.6531e-05
bloom,50000,add,2.267e-06,1.6498e-05,1.6498e-05
bloom,50000,add,2.075e-06,1.7915e-05,1.7915e-05
bloom,50000,add,2.091e-06,1.6678000000000002e-05,1.6678000000000002e-05
bloom,50000,add,2.0550000000000002e-06,1.6175e-05,1.6175e-05
bloom,50000,add,2.254e-06,1.6385e-05,1.6385e-05
bloom,50000,add,2.199e-06,1.6629e-05,1.6629e-05
bloom,50000,add,2.1580000000000003e-06,1.6762e-05,1.6762e-05
bloom,50000,add,2.274e-06,1.6574e-05,1.6574e-05
bloom,50000,add,2.142e-06,1.5786e-05,1.5786e-05
bloom,50000,add,2.1570000000000003e-06,1.5952000000000002e-05,1.5952000000000002e-05
bloom,50000,add,2.1340000000000002e-06,1.6557e-05,1.6557e-05
bloom,50000,add,2.2410000000000002e-06,1.6045e-05,1.6045e-05
bloom,50000,add,2.1970000000000003e-06,1.6462000000000003e-05,1.6462000000000003e-05
bloom,50000,add,2.1000000000000002e-06,1.6547000000000003e-05,1.6547000000000003e-05
bloom,50000,add,2.297e-06,1.6352000000000002e-05,1.6352000000000002e-05
bloom,50000,add,2.184e-06,1.7159e-05,1.7159e-05
bloom,50000,add,2.227e-06,1.6573000000000002e-05,1.6573000000000002e-05
bloom,50000,add,2.29e-06,1.6071000000000002e-05,1.6071000000000002e-05
bloom,50000,add,2.093e-06,1.6469e-05,1.6469e-05
bloom,50000,add,2.4550000000000002e-06,1.628e-05,1.628e-05
bloom,50000,add,2.1620000000000002e-06,1.5939e-05,1.5939e-05
bloom,50000,add,2.257e-06,1.6372000000000002e-05,1.6372000000000002e-05
bloom,50000,add,2.0890000000000002e-06,1.666e-05,1.666e-05
bloom,50000,add,2.1060000000000002e-06,1.6502000000000002e-05,1.6502000000000002e-05
bloom,50000,add,2.154e-06,1.6529e-05,1.6529e-05
bloom,50000,add,2.137e-06,1.6162000000000002e-05,1.6162000000000002e-05
bloom,50000,add,2.3260000000000003e-06,1.6437000000000002e-05,1.6437000000000002e-05
bloom,50000,add,2.015e-06,1.6061e-05,1.6061e-05
bloom,50000,add,2.001e-06,1.6001e-05,1.6001e-05
bloom,50000,add,2.122e-06,1.5903e-05,1.5903e-05
bloom,50000,contains,1.4480000000000002e-06,5.8460000000000004e-06,5.8460000000000004e-06
bloom,50000,contains,1.075e-06,5.138000000000001e-06,5.138000000000001e-06
bloom,50000,contains,9.01e-07,5.060000000000001e-06,5.060000000000001e-06
bloom,50000,contains,8.81e-07,5.249e-06,5.249e-06
bloom,50000,contains,8.920000000000001e-07,5.261e-06,5.261e-06
bloom,50000,contains,8.370000000000001e-07,4.808e-06,4.808e-06
bloom,50000,contains,8.36e-07,4.999e-06,4.999e-06
bloom,50000,contains,7.820000000000001e-07,4.852e-06,4.852e-06
bloom,50000,contains,7.270000000000001e-07,4.966e-06,4.966e-06
bloom,50000,contains,8.720000000000001e-07,4.9680000000000005e-06,4.9680000000000005e-06
bloom,50000,contains,8.380000000000001e-07,4.981e-06,4.981e-06
bloom,50000,contains,7.550000000000001e-07,5.018e-06,5.018e-06
bloom,50000,contains,8.540000000000001e-07,5.0070000000000005e-06,5.0070000000000005e-06
bloom,50000,contains,7.53e-07,4.906e-06,4.906e-06
bloom,50000,contains,7.64e-07,5.071e-06,5.071e-06
bloom,50000,contains,7.890000000000001e-07,4.748e-06,4.748e-06
bloom,50000,contains,7.580000000000001e-07,4.721e-06,4.721e-06
bloom,50000,contains,8.060000000000001e-07,5.01e-06,5.01e-06
bloom,50000,contains,7.06e-07,4.853e-06,4.853e-06
bloom,50000,contains,7.750000000000001e-07,5.076e-06,5.076e-06
bloom,50000,contains,7.91e-07,4.8780000000000006e-06,4.8780000000000006e-06
bloom,50000,contains,7.970000000000001e-07,4.954e-06,4.954e-06
bloom,50000,contains,8.02e-07,5.240000000000001e-06,5.240000000000001e-06
bloom,50000,contains,8.05e-07,6.2350000000000004e-06,6.2350000000000004e-06
bloom,50000,contains,7.760000000000001e-07,4.5670000000000005e-06,4.5670000000000005e-06
bloom,50000,contains,7.15e-07,4.941000000000001e-06,4.941000000000001e-06
bloom,50000,contains,7.09e-07,4.75e-06,4.75e-06
bloom,50000,contains,7.49e-07,4.531e-06,4.531e-06
bloom,50000,contains,7.15e-07,4.794e-06,4.794e-06
bloom,50000,contains,7.71e-07,4.800000000000001e-06,4.800000000000001e-06
bloom,50000,contains,7.02e-07,4.599e-06,4.599e-06
bloom,50000,contains,7.73e-07,5.0970000000000005e-06,5.0970000000000005e-06
bloom,50000,contains,8.240000000000001e-07,5.113e-06,5.113e-06
bloom,50000,contains,7.85e-07,4.859e-06,4.859e-06
bloom,50000,contains,8.35e-07,5.9940000000000005e-06,5.9940000000000005e-06
bloom,50000,contains,8.410000000000001e-07,5.018e-06,5.018e-06
bloom,50000,contains,7.990000000000001e-07,4.684e-06,4.684e-06
bloom,50000,contains,7.64e-07,4.5450000000000005e-06,4.5450000000000005e-06
bloom,50000,contains,9.270000000000001e-07,5.258e-06,5.258e-06
bloom,50000,contains,7.88e-07,4.761000000000001e-06,4.761000000000001e-06
bloom,50000,contains,7.61e-07,4.377000000000001e-06,4.377000000000001e-06
bloom,50000,contains,1.8170000000000001e-06,8.759e-06,8.759e-06
bloom,50000,contains,8.46e-07,4.857e-06,4.857e-06
bloom,50000,contains,1.066e-06,6.876000000000001e-06,6.876000000000001e-06
bloom,50000,contains,9.76e-07,5.526e-06,5.526e-06
bloom,50000,contains,8.66e-07,5.185e-06,5.185e-06
bloom,50000,contains,1.018e-06,2.2481e-05,2.2481e-05
bloom,50000,contains,8.18e-07,6.19e-06,6.19e-06
bloom,50000,contains,7.310000000000001e-07,4.8490000000000005e-06,4.8490000000000005e-06
bloom,50000,contains,7.480000000000001e-07,4.468e-06,4.468e-06
bloom,50000,contains,8.100000000000001e-07,4.751e-06,4.751e-06
bloom,50000,contains,7.92e-07,4.624e-06,4.624e-06
bloom,50000,contains,7.650000000000001e-07,4.924000000000001e-06,4.924000000000001e-06
bloom,50000,contains,7.77e-07,4.79e-06,4.79e-06
bloom,50000,contains,8.09e-07,5.018e-06,5.018e-06
bloom,50000,contains,7.720000000000001e-07,4.629e-06,4.629e-06
bloom,50000,contains,7.39e-07,4.559e-06,4.559e-06
bloom,50000,contains,7.05e-07,4.639e-06,4.639e-06
bloom,50000,contains,7.16e-07,5.060000000000001e-06,5.060000000000001e-06
bloom,50000,contains,7.110000000000001e-07,4.831e-06,4.831e-06
bloom,50000,contains,7.930000000000001e-07,4.954e-06,4.954e-06
bloom,50000,contains,7.650000000000001e-07,4.564000000000001e-06,4.564000000000001e-06
bloom,50000,contains,7.77e-07,4.865e-06,4.865e-06
bloom,50000,contains,7.410000000000001e-07,5.248e-06,5.248e-06
bloom,50000,contains,7.930000000000001e-07,5.037e-06,5.037e-06
bloom,50000,contains,7.900000000000001e-07,4.869e-06,4.869e-06
bloom,50000,contains,7.750000000000001e-07,4.699e-06,4.699e-06
bloom,50000,contains,8.15e-07,5.014000000000001e-06,5.014000000000001e-06
bloom,50000,contains,8.300000000000001e-07,4.858e-06,4.858e-06
bloom,50000,contains,8.11e-07,5.049e-06,5.049e-06
bloom,50000,contains,8.450000000000001e-07,4.954e-06,4.954e-06
bloom,50000,contains,7.990000000000001e-07,4.7590000000000005e-06,4.7590000000000005e-06
bloom,50000,contains,7.900000000000001e-07,4.835e-06,4.835e-06
bloom,50000,contains,7.37e-07,5.074e-06,5.074e-06
bloom,50000,contains,7.92e-07,4.729e-06,4.729e-06
bloom,50000,contains,8.19e-07,5.0290000000000005e-06,5.0290000000000005e-06
bloom,50000,contains,8.690000000000001e-07,4.829000000000001e-06,4.829000000000001e-06
bloom,50000,contains,8.25e-07,4.9170000000000005e-06,4.9170000000000005e-06
bloom,50000,contains,7.32e-07,4.599e-06,4.599e-06
bloom,50000,contains,8.300000000000001e-07,4.9780000000000005e-06,4.9780000000000005e-06
bloom,50000,contains,7.77e-07,4.889e-06,4.889e-06
bloom,50000,contains,8.270000000000001e-07,4.800000000000001e-06,4.800000000000001e-06
bloom,50000,contains,7.4e-07,4.758e-06,4.758e-06
bloom,50000,contains,6.98e-07,4.7470000000000005e-06,4.7470000000000005e-06
bloom,50000,contains,7.650000000000001e-07,5.079e-06,5.079e-06
bloom,50000,contains,7.8e-07,4.799e-06,4.799e-06
bloom,50000,contains,7.970000000000001e-07,5.028e-06,5.028e-06
bloom,50000,contains,7.830000000000001e-07,5.025e-06,5.025e-06
bloom,50000,contains,8.240000000000001e-07,5.383e-06,5.383e-06
bloom,50000,contains,8.550000000000001e-07,5.497e-06,5.497e-06
bloom,50000,contains,3.931e-06,1.9163000000000003e-05,1.9163000000000003e-05
bloom,50000,contains,1.6391e-05,2.4220000000000002e-05,2.4220000000000002e-05
bloom,50000,contains,8.02e-07,5.069e-06,5.069e-06
bloom,50000,contains,7.240000000000001e-07,4.9220000000000005e-06,4.9220000000000005e-06
bloom,50000,contains,7.73e-07,4.95e-06,4.95e-06
bloom,50000,contains,8.030000000000001e-07,5.241e-06,5.241e-06
bloom,50000,contains,8.580000000000001e-07,4.723e-06,4.723e-06
bloom,50000,contains,7.860000000000001e-07,4.942e-06,4.942e-06
bloom,50000,contains,7.39e-07,4.877e-06,4.877e-06
bloom,50000,contains,1.494e-06,9.305e-06,9.305e-06
bloom,100000,add,5.207e-06,3.6441e-05,3.6441e-05
bloom,100000,add,4.052e-06,2.8056e-05,2.8056e-05
bloom,100000,add,3.996e-06,2.9227000000000003e-05,2.9227000000000003e-05
bloom,100000,add,2.261e-06,1.6996e-05,1.6996e-05
bloom,100000,add,2.305e-06,1.6544e-05,1.6544e-05
bloom,100000,add,2.223e-06,1.646e-05,1.646e-05
bloom,100000,add,2.1790000000000002e-06,1.7556000000000003e-05,1.7556000000000003e-05
bloom,100000,add,2.229e-06,1.7127e-05,1.7127e-05
bloom,100000,add,2.4500000000000003e-06,1.7076e-05,1.7076e-05
bloom,100000,add,2.097e-06,1.6706000000000002e-05,1.6706000000000002e-05
bloom,100000,add,2.3480000000000002e-06,1.7946e-05,1.7946e-05
bloom,100000,add,2.104e-06,1.6321000000000002e-05,1.6321000000000002e-05
bloom,100000,add,2.1620000000000002e-06,1.7017e-05,1.7017e-05
bloom,100000,add,2.255e-06,1.6766000000000002e-05,1.6766000000000002e-05
bloom,100000,add,2.147e-06,1.6411000000000003e-05,1.6411000000000003e-05
bloom,100000,add,2.1620000000000002e-06,1.6111000000000002e-05,1.6111000000000002e-05
bloom,100000,add,2.611e-06,1.6997e-05,1.6997e-05
bloom,100000,add,2.193e-06,1.6096e-05,1.6096e-05
bloom,100000,add,2.122e-06,1.6497e-05,1.6497e-05
bloom,100000,add,2.448e-06,1.6839000000000003e-05,1.6839000000000003e-05
bloom,100000,add,2.1850000000000003e-06,1.6152e-05,1.6152e-05
bloom,100000,add,2.111e-06,1.6045e-05,1.6045e-05
bloom,100000,add,2.206e-06,1.6839000000000003e-05,1.6839000000000003e-05
bloom,100000,add,2.187e-06,1.6837e-05,1.6837e-05
bloom,100000,add,2.221e-06,1.6408e-05,1.6408e-05
bloom,100000,add,2.335e-06,1.6686000000000003e-05,1.6686000000000003e-05
bloom,100000,add,2.075e-06,1.6168000000000002e-05,1.6168000000000002e-05
bloom,100000,add,2.036e-06,1.6708e-05,1.6708e-05
bloom,100000,add,1.9770000000000003e-06,1.5986000000000002e-05,1.5986000000000002e-05
bloom,100000,add,2.153e-06,1.6189e-05,1.6189e-05
bloom,100000,add,2.138e-06,1.6874e-05,1.6874e-05
bloom,100000,add,2.3550000000000003e-06,1.6616e-05,1.6616e-05
bloom,100000,add,2.092e-06,1.6466e-05,1.6466e-05
bloom,100000,add,2.217e-06,1.646e-05,1.646e-05
bloom,100000,add,2.251e-06,1.6719e-05,1.6719e-05
bloom,100000,add,2.1290000000000003e-06,1.6501e-05,1.6501e-05
bloom,100000,add,2.144e-06,1.6315000000000002e-05,1.6315000000000002e-05
bloom,100000,add,2.221e-06,1.6483e-05,1.6483e-05
bloom,100000,add,2.2410000000000002e-06,1.6091000000000002e-05,1.6091000000000002e-05
bloom,100000,add,2.336e-06,1.6524e-05,1.6524e-05
bloom,100000,add,2.201e-06,1.6612e-05,1.6612e-05
bloom,100000,add,2.2990000000000004e-06,1.7261e-05,1.7261e-05
bloom,100000,add,2.1000000000000002e-06,1.6505000000000002e-05,1.6505000000000002e-05
bloom,100000,add,2.198e-06,1.6375e-05,1.6375e-05
bloom,100000,add,2.2470000000000003e-06,1.6341e-05,1.6341e-05
bloom,100000,add,2.2420000000000003e-06,1.6325e-05,1.6325e-05
bloom,100000,add,2.19e-06,1.6264000000000002e-05,1.6264000000000002e-05
bloom,100000,add,2.204e-06,1.5853000000000002e-05,1.5853000000000002e-05
bloom,100000,add,2.085e-06,1.628e-05,1.628e-05
bloom,100000,add,2.24e-06,1.6054000000000002e-05,1.6054000000000002e-05
bloom,100000,add,2.121e-06,1.6638000000000002e-05,1.6638000000000002e-05
bloom,100000,add,2.15e-06,1.6228e-05,1.6228e-05
bloom,100000,add,2.317e-06,1.7158e-05,1.7158e-05
bloom,100000,add,2.381e-06,1.6922e-05,1.6922e-05
bloom,100000,add,2.193e-06,1.7356e-05,1.7356e-05
bloom,100000,add,2.297e-06,1.7143000000000002e-05,1.7143000000000002e-05
bloom,100000,add,2.211e-06,1.6524e-05,1.6524e-05
bloom,100000,add,2.138e-06,1.616e-05,1.616e-05
bloom,100000,add,2.436e-06,2.1136000000000002e-05,2.1136000000000002e-05
bloom,100000,add,2.312e-06,1.7537e-05,1.7537e-05
bloom,100000,add,2.351e-06,1.6483e-05,1.6483e-05
bloom,100000,add,2.3320000000000003e-06,1.6427e-05,1.6427e-05
bloom,100000,add,2.268e-06,1.7015000000000002e-05,1.7015000000000002e-05
bloom,100000,add,2.175e-06,1.6855e-05,1.6855e-05
bloom,100000,add,1.967e-06,1.5907000000000002e-05,1.5907000000000002e-05
bloom,100000,add,2.099e-06,1.6623e-05,1.6623e-05
bloom,100000,add,2.182e-06,1.6481e-05,1.6481e-05
bloom,100000,add,2.2810000000000003e-06,1.5879e-05,1.5879e-05
bloom,100000,add,2.077e-06,1.6312000000000002e-05,1.6312000000000002e-05
bloom,100000,add,2.1790000000000002e-06,1.6576000000000002e-05,1.6576000000000002e-05
bloom,100000,add,2.0560000000000003e-06,1.5932000000000003e-05,1.5932000000000003e-05
bloom,100000,add,2.085e-06,1.6198e-05,1.6198e-05
bloom,100000,add,1.962e-06,1.624e-05,1.624e-05
bloom,100000,add,2.181e-06,1.6064e-05,1.6064e-05
bloom,100000,add,2.4680000000000003e-06,1.6448000000000002e-05,1.6448000000000002e-05
bloom,100000,add,2.52e-06,1.6666000000000003e-05,1.6666000000000003e-05
bloom,100000,add,2.198e-06,1.6207000000000003e-05,1.6207000000000003e-05
bloom,100000,add,2.483e-06,1.7442e-05,1.7442e-05
bloom,100000,add,2.2310000000000003e-06,1.6316e-05,1.6316e-05
bloom,100000,add,2.3270000000000003e-06,1.6304000000000002e-05,1.6304000000000002e-05
bloom,100000,add,2.144e-06,1.6545e-05,1.6545e-05
bloom,100000,add,2.3310000000000002e-06,1.6806e-05,1.6806e-05
bloom,100000,add,2.3e-06,1.6639e-05,1.6639e-05
bloom,100000,add,2.009e-06,1.6615000000000003e-05,1.6615000000000003e-05
bloom,100000,add,2.183e-06,1.6441e-05,1.6441e-05
bloom,100000,add,2.167e-06,1.656e-05,1.656e-05
bloom,100000,add,2.228e-06,1.6530000000000003e-05,1.6530000000000003e-05
bloom,100000,add,2.3710000000000003e-06,1.6725e-05,1.6725e-05
bloom,100000,add,2.362e-06,1.7307000000000002e-05,1.7307000000000002e-05
bloom,100000,add,2.294e-06,1.6477e-05,1.6477e-05
bloom,100000,add,2.35e-06,1.649e-05,1.649e-05
bloom,100000,add,2.1010000000000003e-06,1.686e-05,1.686e-05
bloom,100000,add,2.3030000000000002e-06,1.6321000000000002e-05,1.6321000000000002e-05
bloom,100000,add,2.182e-06,1.6118e-05,1.6118e-05
bloom,100000,add,2.268e-06,1.7024e-05,1.7024e-05
bloom,100000,add,2.12e-06,1.6288e-05,1.6288e-05
bloom,100000,add,2.2030000000000003e-06,1.6184e-05,1.6184e-05
bloom,100000,add,2.228e-06,1.6705e-05,1.6705e-05
bloom,100000,add,2.166e-06,1.6676e-05,1.6676e-05
bloom,100000,add,2.153e-06,1.6369000000000002e-05,1.6369000000000002e-05
bloom,100000,contains,1.2170000000000002e-06,5.697000000000001e-06,5.697000000000001e-06
bloom,100000,contains,1.123e-06,5.355e-06,5.355e-06
bloom,100000,contains,9.200000000000001e-07,5.237e-06,5.237e-06
bloom,100000,contains,9.330000000000001e-07,4.948e-06,4.948e-06
bloom,100000,contains,8.210000000000001e-07,4.789e-06,4.789e-06
bloom,100000,contains,8.370000000000001e-07,4.848e-06,4.848e-06
bloom,100000,contains,7.22e-07,4.919000000000001e-06,4.919000000000001e-06
bloom,100000,contains,8.26e-07,4.991e-06,4.991e-06
bloom,100000,contains,8.210000000000001e-07,5.1e-06,5.1e-06
bloom,100000,contains,8.7e-07,4.911e-06,4.911e-06
bloom,100000,contains,7.900000000000001e-07,4.8100000000000005e-06,4.8100000000000005e-06
bloom,100000,contains,7.310000000000001e-07,4.588e-06,4.588e-06
bloom,100000,contains,7.29e-07,4.655e-06,4.655e-06
bloom,100000,contains,7.580000000000001e-07,4.615000000000001e-06,4.615000000000001e-06
bloom,100000,contains,7.410000000000001e-07,4.378e-06,4.378e-06
bloom,100000,contains,8.540000000000001e-07,5.139e-06,5.139e-06
bloom,100000,contains,7.32e-07,4.7930000000000005e-06,4.7930000000000005e-06
bloom,100000,contains,7.88e-07,4.831e-06,4.831e-06
bloom,100000,contains,7.280000000000001e-07,4.744000000000001e-06,4.744000000000001e-06
bloom,100000,contains,7.87e-07,4.874e-06,4.874e-06
bloom,100000,contains,7.100000000000001e-07,4.524e-06,4.524e-06
bloom,100000,contains,7.18e-07,4.577e-06,4.577e-06
bloom,100000,contains,7.32e-07,4.749000000000001e-06,4.749000000000001e-06
bloom,100000,contains,8.480000000000001e-07,4.9000000000000005e-06,4.9000000000000005e-06
bloom,100000,contains,7.67e-07,5.076e-06,5.076e-06
bloom,100000,contains,7.820000000000001e-07,4.619e-06,4.619e-06
bloom,100000,contains,8.300000000000001e-07,4.980000000000001e-06,4.980000000000001e-06
bloom,100000,contains,7.760000000000001e-07,7.323000000000001e-06,7.323000000000001e-06
bloom,100000,contains,6.75e-07,4.945e-06,4.945e-06
bloom,100000,contains,8.05e-07,5.163e-06,5.163e-06
bloom,100000,contains,7.8e-07,4.896e-06,4.896e-06
bloom,100000,contains,7.33e-07,4.61e-06,4.61e-06
bloom,100000,contains,7.5e-07,4.498e-06,4.498e-06
bloom,100000,contains,7.000000000000001e-07,4.5840000000000005e-06,4.5840000000000005e-06
bloom,100000,contains,6.720000000000001e-07,4.7200000000000005e-06,4.7200000000000005e-06
bloom,100000,contains,7.620000000000001e-07,4.556e-06,4.556e-06
bloom,100000,contains,7.3e-07,4.3410000000000005e-06,4.3410000000000005e-06
bloom,100000,contains,7.900000000000001e-07,4.6790000000000004e-06,4.6790000000000004e-06
bloom,100000,contains,7.580000000000001e-07,4.529e-06,4.529e-06
bloom,100000,contains,7.4e-07,4.644e-06,4.644e-06
bloom,100000,contains,7.64e-07,4.9270000000000004e-06,4.9270000000000004e-06
bloom,100000,contains,7.100000000000001e-07,4.728e-06,4.728e-06
bloom,100000,contains,7.56e-07,4.5450000000000005e-06,4.5450000000000005e-06
bloom,100000,contains,8.520000000000001e-07,4.821e-06,4.821e-06
bloom,100000,contains,6.860000000000001e-07,4.710000000000001e-06,4.710000000000001e-06
bloom,100000,contains,7.380000000000001e-07,4.607e-06,4.607e-06
bloom,100000,contains,7.57e-07,4.654000000000001e-06,4.654000000000001e-06
bloom,100000,contains,6.78e-07,4.6620000000000004e-06,4.6620000000000004e-06
bloom,100000,contains,7.25e-07,4.692e-06,4.692e-06
bloom,100000,contains,7.09e-07,4.783000000000001e-06,4.783000000000001e-06
bloom,100000,contains,7.440000000000001e-07,4.4430000000000005e-06,4.4430000000000005e-06
bloom,100000,contains,7.81e-07,4.958000000000001e-06,4.958000000000001e-06
bloom,100000,contains,7.26e-07,4.278e-06,4.278e-06
bloom,100000,contains,7.53e-07,4.603000000000001e-06,4.603000000000001e-06
bloom,100000,contains,7.350000000000001e-07,4.992000000000001e-06,4.992000000000001e-06
bloom,100000,contains,7.510000000000001e-07,4.609e-06,4.609e-06
bloom,100000,contains,7.54e-07,4.879e-06,4.879e-06
bloom,100000,contains,8.480000000000001e-07,4.7590000000000005e-06,4.7590000000000005e-06
bloom,100000,contains,7.340000000000001e-07,4.587e-06,4.587e-06
bloom,100000,contains,7.750000000000001e-07,4.6690000000000005e-06,4.6690000000000005e-06
bloom,100000,contains,7.43e-07,4.7540000000000006e-06,4.7540000000000006e-06
bloom,100000,contains,7.84e-07,4.681000000000001e-06,4.681000000000001e-06
bloom,100000,contains,7.960000000000001e-07,5.0070000000000005e-06,5.0070000000000005e-06
bloom,100000,contains,8.610000000000001e-07,5.239e-06,5.239e-06
bloom,100000,contains,8.11e-07,5.330000000000001e-06,5.330000000000001e-06
bloom,100000,contains,7.8e-07,4.573e-06,4.573e-06
bloom,100000,contains,8.100000000000001e-07,5.0460000000000005e-06,5.0460000000000005e-06
bloom,100000,contains,7.5e-07,4.848e-06,4.848e-06
bloom,100000,contains,7.56e-07,4.611e-06,4.611e-06
bloom,100000,contains,8.000000000000001e-07,5.008e-06,5.008e-06
bloom,100000,contains,7.970000000000001e-07,5.054e-06,5.054e-06
bloom,100000,contains,7.74e-07,4.797e-06,4.797e-06
bloom,100000,contains,8.610000000000001e-07,4.936000000000001e-06,4.936000000000001e-06
bloom,100000,contains,7.3e-07,4.795000000000001e-06,4.795000000000001e-06
bloom,100000,contains,7.95e-07,4.710000000000001e-06,4.710000000000001e-06
bloom,100000,contains,7.78e-07,4.6300000000000006e-06,4.6300000000000006e-06
bloom,100000,contains,7.8e-07,5.016e-06,5.016e-06
bloom,100000,contains,8.140000000000001e-07,4.789e-06,4.789e-06
bloom,100000,contains,8.11e-07,5.2500000000000006e-06,5.2500000000000006e-06
bloom,100000,contains,7.7e-07,4.761000000000001e-06,4.761000000000001e-06
bloom,100000,contains,7.18e-07,4.581000000000001e-06,4.581000000000001e-06
bloom,100000,contains,8.63e-07,4.8710000000000005e-06,4.8710000000000005e-06
bloom,100000,contains,7.8e-07,4.975000000000001e-06,4.975000000000001e-06
bloom,100000,contains,8.200000000000001e-07,4.949e-06,4.949e-06
bloom,100000,contains,7.61e-07,5.105e-06,5.105e-06
bloom,100000,contains,8.170000000000001e-07,4.993e-06,4.993e-06
bloom,100000,contains,7.37e-07,4.549e-06,4.549e-06
bloom,100000,contains,7.550000000000001e-07,5.082000000000001e-06,5.082000000000001e-06
bloom,100000,contains,7.440000000000001e-07,4.495e-06,4.495e-06
bloom,100000,contains,8.09e-07,5.043000000000001e-06,5.043000000000001e-06
bloom,100000,contains,8.340000000000001e-07,4.843e-06,4.843e-06
bloom,100000,contains,7.53e-07,4.503e-06,4.503e-06
bloom,100000,contains,7.070000000000001e-07,4.935e-06,4.935e-06
bloom,100000,contains,8.11e-07,4.925e-06,4.925e-06
bloom,100000,contains,8.140000000000001e-07,4.915e-06,4.915e-06
bloom,100000,contains,7.5e-07,4.475e-06,4.475e-06
bloom,100000,contains,7.32e-07,4.7540000000000006e-06,4.7540000000000006e-06
bloom,100000,contains,7.8e-07,4.602e-06,4.602e-06
bloom,100000,contains,7.410000000000001e-07,4.525e-06,4.525e-06
bloom,100000,contains,7.4e-07,4.661e-06,4.661e-06
